;BB;voc_nb_all;cond;age;zf0_Original;M_minus_NM;Type_protophone;zf0_Original_inv;difference_inv;f0m_NM;is_margbabbling
0;1;15.0;p100;6.1;-0.34091750964407364;15.6935013720514;S;0.34091750964407364;-15.6935013720514;364.2458017995909;0
1;1;16.0;p100;6.1;0.10740536214876532;16.86431062420354;S;-0.10740536214876532;-16.86431062420354;416.19358140122404;0
2;1;17.0;p100;6.1;-0.9004111797802979;14.138535753870087;pB;0.9004111797802979;-14.138535753870087;299.4165109170692;1
3;1;18.0;p100;6.1;0.16197139105204256;17.25094793181671;S;-0.16197139105204256;-17.25094793181671;422.5162212252159;0
4;1;19.0;p100;6.1;0.2771066132734208;16.245597435480818;pB;-0.2771066132734208;-16.245597435480818;435.8570956812149;1
5;1;20.0;p100;6.1;1.5137589774765141;20.278398099210335;pB;-1.5137589774765141;-20.278398099210335;579.149683459662;1
6;1;21.0;p100;6.1;-1.6020798068158453;10.499233062555277;V;1.6020798068158453;-10.499233062555277;218.1132148241007;1
7;1;22.0;p100;6.1;1.9621308927229206;21.481123311204215;S;-1.9621308927229206;-21.481123311204215;631.10314579282;0
8;1;23.0;p100;6.1;0.2400777262972904;16.921003577856595;V;-0.2400777262972904;-16.921003577856595;431.56650829307324;1
9;1;24.0;p100;6.1;-0.4189295862052219;15.912457640690775;S;0.4189295862052219;-15.912457640690775;355.2064366133845;0
10;1;25.0;p100;6.1;0.745022454768083;18.573223957974108;pB;-0.745022454768083;-18.573223957974108;490.0751392730424;1
11;1;26.0;p100;6.1;-0.34258105230440433;16.19714958481211;V;0.34258105230440433;-16.19714958481211;364.0530448538406;1
12;1;27.0;p100;6.1;0.3158171111791519;14.816125473167176;pB;-0.3158171111791519;-14.816125473167176;440.3425336099887;1
13;1;28.0;p100;6.1;1.0665623036567142;19.974735211223447;pB;-1.0665623036567142;-19.974735211223447;527.3323979455986;1
14;1;29.0;p100;6.1;-0.4921920495632269;14.981900856012032;V;0.4921920495632269;-14.981900856012032;346.7174155550233;1
15;12;9.0;m100;6.3;-1.499579584341137;-21.23138661715771;V;-1.499579584341137;-21.23138661715771;245.85722995968027;1
16;12;10.0;m100;6.3;-0.6045591260615392;-22.51800027952882;R;-0.6045591260615392;-22.51800027952882;259.74275606038583;0
17;12;11.0;m100;6.3;11.771459990494979;-35.078551088138454;S;11.771459990494979;-35.078551088138454;451.7467877850915;0
18;12;12.0;m100;6.3;0.9641859099734551;-25.666523769863034;V;0.9641859099734551;-25.666523769863034;284.0805797846469;1
19;12;13.0;m100;6.3;1.8171390682177726;-21.134541772188186;B;1.8171390682177726;-21.134541772188186;297.3134653929229;1
20;12;14.0;m100;6.3;0.04120551053921452;-23.56813171405119;V;0.04120551053921452;-23.56813171405119;269.76127757403736;1
21;12;15.0;m100;6.3;4.364594029091535;-18.954365744296297;V;4.364594029091535;-18.954365744296297;336.83519031257197;1
22;12;16.0;m100;6.3;1.2846842022866587;-22.42692968850872;V;1.2846842022866587;-22.42692968850872;289.05285428628326;1
23;12;17.0;m100;6.3;-0.028187603854070393;-23.338542451245644;V;-0.028187603854070393;-23.338542451245644;268.6846989414446;1
24;12;18.0;m100;6.3;3.432573806852004;-20.427715783863277;Gr;3.432573806852004;-20.427715783863277;322.3756424859573;0
25;12;19.0;m100;6.3;2.0970548725788145;-25.70176278182197;pB;2.0970548725788145;-25.70176278182197;301.6561350732634;1
26;15;7.0;p100;6.466666666666667;-0.42502025681806954;-0.32421987061434265;Gr;0.42502025681806954;0.32421987061434265;307.5659876832787;0
27;15;8.0;p100;6.466666666666667;-0.8638684635273279;25.951721023137907;pB;0.8638684635273279;-25.951721023137907;277.90273556012914;1
28;15;9.0;p100;6.466666666666667;-1.0035157006264142;25.11105292326937;pB;1.0035157006264142;-25.11105292326937;268.46350090212854;1
29;18;23.0;m100;7.166666666666667;1.592730391008626;-41.1966999137469;S;1.592730391008626;-41.1966999137469;586.7062460831886;0
30;18;24.0;m100;7.166666666666667;0.6374140334777895;-35.15477594920111;L;0.6374140334777895;-35.15477594920111;496.6264165879829;0
31;18;25.0;m100;7.166666666666667;0.4824401811469665;-36.53928249826225;L;0.4824401811469665;-36.53928249826225;482.0134372496435;0
32;18;26.0;m100;7.166666666666667;0.1807478628157364;-35.38696205071324;S;0.1807478628157364;-35.38696205071324;453.5659053079398;0
33;18;27.0;m100;7.166666666666667;1.2254771433451586;-38.04700503468678;L;1.2254771433451586;-38.04700503468678;552.0767647911572;0
34;18;28.0;m100;7.166666666666667;0.2715669505467018;-30.59297092390375;L;0.2715669505467018;-30.59297092390375;462.12952705818435;0
35;18;29.0;m100;7.166666666666667;0.37379791793879436;-35.566645701736206;V;0.37379791793879436;-35.566645701736206;471.76921137764015;1
36;18;30.0;m100;7.166666666666667;-2.2302360284234157;-22.42948173622858;L;-2.2302360284234157;-22.42948173622858;226.22653638951303;0
37;18;31.0;m100;7.166666666666667;0.7024811893095179;-38.486513074191464;L;0.7024811893095179;-38.486513074191464;502.7618064584226;0
38;18;32.0;m100;7.166666666666667;2.332521119930119;-43.392605269707246;S;2.332521119930119;-43.392605269707246;656.4634759244362;0
39;18;33.0;m100;7.166666666666667;1.740283237863021;-41.53639891655246;S;1.740283237863021;-41.53639891655246;600.6194751212951;0
40;18;34.0;m100;7.166666666666667;1.0514543763202464;-37.15271410113138;L;1.0514543763202464;-37.15271410113138;535.6676024667468;0
41;18;35.0;m100;7.166666666666667;1.2200615541030537;-37.09835680716276;L;1.2200615541030537;-37.09835680716276;551.5661115905716;0
42;18;36.0;m100;7.166666666666667;1.9516598742679332;-41.69468955353955;S;1.9516598742679332;-41.69468955353955;620.5508530533535;0
43;18;37.0;m100;7.166666666666667;1.4170247657781874;-40.60085573373078;S;1.4170247657781874;-40.60085573373078;570.1384016855326;0
44;18;38.0;m100;7.166666666666667;1.6816454043442877;-42.49673774729149;S;1.6816454043442877;-42.49673774729149;595.0903265793522;0
45;18;39.0;m100;7.166666666666667;2.315858130276373;-46.56992738692804;L;2.315858130276373;-46.56992738692804;654.8922694282245;0
46;18;40.0;m100;7.166666666666667;1.918726001384776;-39.118563764318765;S;1.918726001384776;-39.118563764318765;617.4454130276018;0
47;18;41.0;m100;7.166666666666667;-0.5355540814820625;-31.628223950354993;V;-0.5355540814820625;-31.628223950354993;386.0235079640868;1
48;18;42.0;m100;7.166666666666667;1.4621332699692067;-40.19135300664607;S;1.4621332699692067;-40.19135300664607;574.3918265685872;0
49;18;43.0;m100;7.166666666666667;-0.2047983899073776;-32.772589702483;R;-0.2047983899073776;-32.772589702483;417.2115181627447;0
50;18;44.0;m100;7.166666666666667;-1.4911366702225628;-25.863450692904223;pB;-1.4911366702225628;-25.863450692904223;295.91857467809615;1
51;18;45.0;m100;7.166666666666667;-1.369047870218355;-25.88681169997966;V;-1.369047870218355;-25.88681169997966;307.4307174368349;1
52;18;46.0;m100;7.166666666666667;-1.3583376677522112;-25.443844404265576;V;-1.3583376677522112;-25.443844404265576;308.4406166230092;1
53;18;47.0;m100;7.166666666666667;-0.9922288489483236;-26.863268575255404;V;-0.9922288489483236;-26.863268575255404;342.96218606392694;1
54;18;48.0;m100;7.166666666666667;-0.3779579166753512;-31.90469150388367;V;-0.3779579166753512;-31.90469150388367;400.88375351832315;1
55;18;49.0;m100;7.166666666666667;-1.2927078439705866;-14.900182121818432;pB;-1.2927078439705866;-14.900182121818432;314.6290622509365;1
56;18;50.0;m100;7.166666666666667;0.1369671070504292;-35.49939167906035;L;0.1369671070504292;-35.49939167906035;449.43767806319397;0
57;18;51.0;m100;7.166666666666667;-0.6203942441013162;-30.704999916205793;V;-0.6203942441013162;-30.704999916205793;378.0236581521974;1
58;18;52.0;m100;7.166666666666667;0.00650079989595652;-33.66026868704512;R;0.00650079989595652;-33.66026868704512;437.1355934074681;0
59;18;53.0;m100;7.166666666666667;-0.15468758434880348;-31.362506164669526;L;-0.15468758434880348;-31.362506164669526;421.93662601314395;0
60;18;54.0;m100;7.166666666666667;0.12154431228773681;-32.05095295449536;L;0.12154431228773681;-32.05095295449536;447.9834135029663;0
61;18;55.0;m100;7.166666666666667;1.4132610880993983;-43.37124350994793;L;1.4132610880993983;-43.37124350994793;569.7835125004918;0
62;18;56.0;m100;7.166666666666667;2.512036477171715;-34.17660151576865;L;2.512036477171715;-34.17660151576865;673.3905521171748;0
63;18;57.0;m100;7.166666666666667;2.3883060596168435;-40.97603892865902;L;2.3883060596168435;-40.97603892865902;661.723615998211;0
64;18;58.0;m100;7.166666666666667;;;L;;;;0
65;18;59.0;m100;7.166666666666667;0.8011645607141211;-37.14246233090921;S;0.8011645607141211;-37.14246233090921;512.0669766254181;0
66;18;60.0;m100;7.166666666666667;-1.3125237475813747;-26.170144054976333;pB;-1.3125237475813747;-26.170144054976333;312.76055743106;1
67;18;61.0;m100;7.166666666666667;-1.6946955125497316;-24.281785679507664;Gr;-1.6946955125497316;-24.281785679507664;276.72436151035924;0
68;18;62.0;m100;7.166666666666667;0.5681828112825923;-36.51229786507167;S;0.5681828112825923;-36.51229786507167;490.0983836050589;0
69;18;63.0;m100;7.166666666666667;-1.078556391064029;-29.881865434800773;L;-1.078556391064029;-29.881865434800773;334.822086490397;0
70;18;64.0;m100;7.166666666666667;1.403227411896753;-41.57689282838976;S;1.403227411896753;-41.57689282838976;568.8374051357226;0
71;18;65.0;m100;7.166666666666667;1.3692760225575542;-39.63878623167602;S;1.3692760225575542;-39.63878623167602;565.6360202345941;0
72;18;66.0;m100;7.166666666666667;-1.0619835229192203;-28.234929297810368;Gr;-1.0619835229192203;-28.234929297810368;336.3847951417902;0
73;21;10.0;m100;6.466666666666667;-0.48459672444205226;-20.629465662529753;pB;-0.48459672444205226;-20.629465662529753;276.03089452695355;1
74;21;11.0;m100;6.466666666666667;-0.5120105527782445;-24.87049282754319;V;-0.5120105527782445;-24.87049282754319;273.1360734982482;1
75;21;12.0;m100;6.466666666666667;-0.21551319182914747;-25.96528693589289;Gr;-0.21551319182914747;-25.96528693589289;304.44533774639154;0
76;21;13.0;m100;6.466666666666667;-0.5812981115644986;24.875112622098015;V;-0.5812981115644986;24.875112622098015;265.8195075760307;1
77;21;14.0;m100;6.466666666666667;-0.1868044805015269;-25.92444340221681;V;-0.1868044805015269;-25.92444340221681;307.476894675947;1
78;21;15.0;m100;6.466666666666667;-0.5320345647089925;-24.71884769584028;V;-0.5320345647089925;-24.71884769584028;271.0215957206352;1
79;21;16.0;m100;6.466666666666667;-0.4906411585290851;-25.003817387119994;V;-0.4906411585290851;-25.003817387119994;275.3926197596652;1
80;21;17.0;m100;6.466666666666667;-0.5025160443032491;-25.04386238234821;V;-0.5025160443032491;-25.04386238234821;274.1386661479713;1
81;21;18.0;m100;6.466666666666667;-0.3726053952247241;-24.230538952384904;Gr;-0.3726053952247241;-24.230538952384904;287.85685516532874;0
82;21;19.0;m100;6.466666666666667;-0.49062651854193795;-24.55703799933761;V;-0.49062651854193795;-24.55703799933761;275.39416569998895;1
83;21;20.0;m100;6.466666666666667;-0.5461671431793254;-23.77849733446223;V;-0.5461671431793254;-23.77849733446223;269.52923628640997;1
84;21;21.0;m100;6.466666666666667;-0.6459652823038977;-22.097772603902598;V;-0.6459652823038977;-22.097772603902598;258.9908412756677;1
85;21;22.0;m100;6.466666666666667;-0.6084080902188668;-22.442363186056383;V;-0.6084080902188668;-22.442363186056383;262.95677219540494;1
86;21;23.0;m100;6.466666666666667;-0.5270809060307103;-23.77716967966208;V;-0.5270809060307103;-23.77716967966208;271.544687757802;1
87;21;24.0;m100;6.466666666666667;-0.6317289009286575;-22.93781535320204;pB;-0.6317289009286575;-22.93781535320204;260.494161996594;1
88;21;25.0;m100;6.466666666666667;1.706566899604078;-38.06524565053758;Gr;1.706566899604078;-38.06524565053758;507.4114393539871;0
89;21;26.0;m100;6.466666666666667;-0.3261879345666506;-26.70683086859833;Gr;-0.3261879345666506;-26.70683086859833;292.7584048345041;0
90;21;27.0;m100;6.466666666666667;-0.28165715835616306;-26.761676406844458;Gr;-0.28165715835616306;-26.761676406844458;297.460726079746;0
91;21;28.0;m100;6.466666666666667;-0.7246722952681308;-21.921598334215872;Gr;-0.7246722952681308;-21.921598334215872;250.6796082205368;0
92;21;29.0;m100;6.466666666666667;-0.3704525285927585;-25.326135283071096;Gr;-0.3704525285927585;-25.326135283071096;288.084191658495;0
93;21;30.0;m100;6.466666666666667;-0.42624839309451434;-24.506427690052305;V;-0.42624839309451434;-24.506427690052305;282.1923096530461;1
94;21;31.0;m100;6.466666666666667;-0.16563249829517981;-28.340998420255517;Gr;-0.16563249829517981;-28.340998420255517;309.7125947962908;0
95;21;32.0;m100;6.466666666666667;-0.1766976874302306;-24.85034934211268;Gr;-0.1766976874302306;-24.85034934211268;308.5441428091432;0
96;21;33.0;m100;6.466666666666667;-0.6550570403363356;-22.12166118616483;Gr;-0.6550570403363356;-22.12166118616483;258.03077790847084;0
97;23;6.0;m100;6.433333333333334;6.600331230573087;-39.96694824049092;S;6.600331230573087;-39.96694824049092;533.1266989685868;0
98;23;7.0;m100;6.433333333333334;4.042044994651094;-33.52907956888356;S;4.042044994651094;-33.52907956888356;444.2453640724332;0
99;23;8.0;m100;6.433333333333334;5.274997174308902;-36.15636967584044;S;5.274997174308902;-36.15636967584044;487.0812414861323;0
100;23;9.0;m100;6.433333333333334;7.059738802568724;-8.011775141415683;S;7.059738802568724;-8.011775141415683;549.0876800687556;0
101;23;10.0;m100;6.433333333333334;-0.1337785457832879;-25.389244980272622;V;-0.1337785457832879;-25.389244980272622;299.16669173582164;1
102;23;11.0;m100;6.433333333333334;0.42573799414614133;-26.852096787580535;V;0.42573799414614133;-26.852096787580535;318.60571160276083;1
103;23;12.0;m100;6.433333333333334;0.8076337971385472;-28.138350656815646;V;0.8076337971385472;-28.138350656815646;331.87373778551927;1
104;23;13.0;m100;6.433333333333334;1.0481722520678842;-23.019045620645556;V;1.0481722520678842;-23.019045620645556;340.2306521400511;1
105;23;14.0;m100;6.433333333333334;;;S;;;;0
106;23;15.0;m100;6.433333333333334;0.938106270562814;-27.55007716851651;V;0.938106270562814;-27.55007716851651;336.4066815360345;1
107;23;16.0;m100;6.433333333333334;2.5128730104278847;-32.656416985968974;V;2.5128730104278847;-32.656416985968974;391.11806137458797;1
108;23;17.0;m100;6.433333333333334;0.08272324531421171;-25.951868714791658;B;0.08272324531421171;-25.951868714791658;306.68851158926697;1
109;23;18.0;m100;6.433333333333334;0.6090958718839422;-27.560172544414286;Gr;0.6090958718839422;-27.560172544414286;324.97602807017836;0
110;23;19.0;m100;6.433333333333334;4.850695736323385;-28.29013817908475;V;4.850695736323385;-28.29013817908475;472.3399362807283;1
111;23;20.0;m100;6.433333333333334;0.4248829195594457;-26.762246967464705;V;0.4248829195594457;-26.762246967464705;318.5760041487496;1
112;23;21.0;m100;6.433333333333334;3.0827225693421743;-33.39267351589564;V;3.0827225693421743;-33.39267351589564;410.9160764579286;1
113;23;22.0;m100;6.433333333333334;1.0924100962217176;-28.77672639207293;V;1.0924100962217176;-28.77672639207293;341.76758674342386;1
114;23;23.0;m100;6.433333333333334;6.9207699976105355;-35.9549057431708;S;6.9207699976105355;-35.9549057431708;544.2595522696959;0
115;23;24.0;m100;6.433333333333334;1.4550511067841092;-29.30300762828699;V;1.4550511067841092;-29.30300762828699;354.3666527331055;1
116;23;25.0;m100;6.433333333333334;0.32667594220017576;-26.429401054963876;pB;0.32667594220017576;-26.429401054963876;315.1640453455305;1
117;23;26.0;m100;6.433333333333334;0.16254445997980588;-25.524772118081614;V;0.16254445997980588;-25.524772118081614;309.461702490618;1
118;23;27.0;m100;6.433333333333334;-0.9083850026357214;-23.946622658077104;V;-0.9083850026357214;-23.946622658077104;272.25490409552594;1
119;24;19.0;p100;3.6333333333333333;-0.532355832796049;-0.41562018377123877;Gr;0.532355832796049;0.41562018377123877;278.1491398957954;0
120;24;20.0;p100;3.6333333333333333;-0.5818590814801683;26.01784366484725;V;0.5818590814801683;-26.01784366484725;271.4224797800043;1
121;24;21.0;p100;3.6333333333333333;-0.6486102465412433;22.436970594767388;pB;0.6486102465412433;-22.436970594767388;262.3521174980444;1
122;24;22.0;p100;3.6333333333333333;0.7397436343444408;35.76541366693681;S;-0.7397436343444408;-35.76541366693681;451.00609325526403;0
123;24;23.0;p100;3.6333333333333333;-0.8956528157586334;22.260184303666335;pB;0.8956528157586334;-22.260184303666335;228.78318128820192;1
124;27;8.0;m100;3.5666666666666664;-1.2122118650432665;-24.471636196309646;pB;-1.2122118650432665;-24.471636196309646;280.2292166260414;1
125;27;9.0;m100;3.5666666666666664;-0.24813207246472962;-25.440221979754767;pB;-0.24813207246472962;-25.440221979754767;305.03729431370704;1
126;27;10.0;m100;3.5666666666666664;-0.35070422638508725;-26.243201415072292;pB;-0.35070422638508725;-26.243201415072292;302.39786759546666;1
127;27;11.0;m100;3.5666666666666664;0.46724999934413414;-29.210372725553725;V;0.46724999934413414;-29.210372725553725;323.44578513616324;1
128;27;12.0;m100;3.5666666666666664;-0.16538058548734014;-25.29480023714791;V;-0.16538058548734014;-25.29480023714791;307.16668789036754;1
129;27;13.0;m100;3.5666666666666664;1.9939539999976739;-31.637713451006846;V;1.9939539999976739;-31.637713451006846;362.73152864602685;1
130;31;13.0;m100;3.8;-0.6726408169695531;-21.14310919056237;V;-0.6726408169695531;-21.14310919056237;236.0129667454519;1
131;31;14.0;m100;3.8;-1.080076556162516;-19.533984377952663;Gr;-1.080076556162516;-19.533984377952663;210.33616887721666;0
132;31;15.0;m100;3.8;-0.541668024081614;-21.980786862941358;Gr;-0.541668024081614;-21.980786862941358;244.26693566796988;0
133;31;16.0;m100;3.8;0.026502444448341378;-25.975478442009972;Gr;0.026502444448341378;-25.975478442009972;280.07331412667173;0
134;31;17.0;m100;3.8;-0.9604920769271952;-20.14086014480867;Gr;-0.9604920769271952;-20.14086014480867;217.87244075063052;0
135;31;18.0;m100;3.8;-0.718814817459331;-21.857337557195564;V;-0.718814817459331;-21.857337557195564;233.10305884269349;1
136;31;19.0;m100;3.8;0.7513086697804074;-30.943009761147096;Gr;0.7513086697804074;-30.943009761147096;325.750953938912;0
137;31;20.0;m100;3.8;-0.2630727647876694;-23.125781106170024;V;-0.2630727647876694;-23.125781106170024;261.8241440123054;1
138;31;21.0;m100;3.8;-0.2915891058819377;-20.74571523991807;V;-0.2915891058819377;-20.74571523991807;260.02703036766167;1
139;31;22.0;m100;3.8;;;R;;;;0
140;36;10.0;p100;3.7333333333333334;-1.6641566719472225;21.842594219206376;V;1.6641566719472225;-21.842594219206376;267.20025610944225;1
141;36;11.0;p100;3.7333333333333334;-1.7713763392042194;23.20987099020823;V;1.7713763392042194;-23.20987099020823;259.0488760049811;1
142;36;12.0;p100;3.7333333333333334;-1.0734197647841421;18.31377430666737;Gr;1.0734197647841421;-18.31377430666737;312.1110564804052;0
143;36;13.0;p100;3.7333333333333334;-1.0958904023272633;28.094360619433985;V;1.0958904023272633;-28.094360619433985;310.4027252340069;1
144;36;14.0;p100;3.7333333333333334;-0.37886321611694795;22.896754157236558;Gr;0.37886321611694795;-22.896754157236558;364.91474984254364;0
145;36;15.0;p100;3.7333333333333334;-0.12724892912383223;32.15172762856622;Gr;0.12724892912383223;-32.15172762856622;384.04373751304047;0
146;36;16.0;p100;3.7333333333333334;-1.14377247431048;26.334608146474693;V;1.14377247431048;-26.334608146474693;306.7624885226875;1
147;36;17.0;p100;3.7333333333333334;-1.012929514624935;28.475444686305877;pB;1.012929514624935;-28.475444686305877;316.7098305139019;1
148;36;18.0;p100;3.7333333333333334;1.732774096784826;32.014557996356984;V;-1.732774096784826;-32.014557996356984;525.45207308351;1
149;36;19.0;p100;3.7333333333333334;0.0038194302384255943;28.40729070492233;V;-0.0038194302384255943;-28.40729070492233;394.0082155249805;1
150;36;20.0;p100;3.7333333333333334;1.0464471021235104;-1.0653911837694068;S;-1.0464471021235104;1.0653911837694068;473.2740319408595;0
151;36;21.0;p100;3.7333333333333334;-0.7917496501743402;29.295232481366327;Gr;0.7917496501743402;-29.295232481366327;333.5250398193789;0
152;36;22.0;p100;3.7333333333333334;-0.37061038287495346;30.93155845936218;Gr;0.37061038287495346;-30.93155845936218;365.5421718670215;0
153;36;23.0;p100;3.7333333333333334;0.5255485685003135;35.7635829205596;Gr;-0.5255485685003135;-35.7635829205596;433.67269711073266;0
154;36;24.0;p100;3.7333333333333334;-0.5417518331112949;28.870038569579947;Gr;0.5417518331112949;-28.870038569579947;352.5311352895497;0
155;36;25.0;p100;3.7333333333333334;0.014559789676042094;25.174314492641713;pB;-0.014559789676042094;-25.174314492641713;394.8247518421909;1
156;36;26.0;p100;3.7333333333333334;-1.2497241204570164;27.181772214657997;V;1.2497241204570164;-27.181772214657997;298.7075097811131;1
157;36;27.0;p100;3.7333333333333334;-1.5362539573315963;17.970878739420925;V;1.5362539573315963;-17.970878739420925;276.924065834811;1
158;38;8.0;p100;6.4;0.09108468544954663;32.22398736321361;S;-0.09108468544954663;-32.22398736321361;384.8811258470075;0
159;38;9.0;p100;6.4;-0.27068616595181466;26.599972854700468;Gr;0.27068616595181466;-26.599972854700468;344.88726113408626;0
160;38;10.0;p100;6.4;-0.6193334111838317;22.733373675108396;V;0.6193334111838317;-22.733373675108396;306.3442146052428;1
161;38;11.0;p100;6.4;-1.1881907114025378;23.29169240516461;V;1.1881907114025378;-23.29169240516461;243.4568873985961;1
162;38;12.0;p100;6.4;-1.3722817784912966;22.0758608219665;V;1.3722817784912966;-22.0758608219665;223.10557052636725;1
163;38;13.0;p100;6.4;-1.1251728417400748;24.293865147198176;L;1.1251728417400748;-24.293865147198176;250.42352980224547;0
164;38;14.0;p100;6.4;-1.1773058643489824;15.281580886912963;V;1.1773058643489824;-15.281580886912963;244.66021016159496;1
165;38;15.0;p100;6.4;-0.9926775719894338;25.31950862986173;V;0.9926775719894338;-25.31950862986173;265.07091743168786;1
166;38;16.0;p100;6.4;0.5336464765619181;6.10735403251789;L;-0.5336464765619181;-6.10735403251789;433.8064506273049;0
167;38;17.0;p100;6.4;0.45907011755922816;34.3028475653345;L;-0.45907011755922816;-34.3028475653345;425.56201412507596;0
168;38;18.0;p100;6.4;2.0845695241818074;41.46761779651422;Gr;-2.0845695241818074;-41.46761779651422;605.261409771722;0
169;38;19.0;p100;6.4;-1.324411935974393;21.78700943660772;pB;1.324411935974393;-21.78700943660772;228.39759446371278;1
170;38;20.0;p100;6.4;-1.4031021574387181;22.111619518080857;pB;1.4031021574387181;-22.111619518080857;219.6983693622894;1
171;38;21.0;p100;6.4;-1.2474957849700927;24.043792576896777;pB;1.2474957849700927;-24.043792576896777;236.90069559966307;1
172;38;22.0;p100;6.4;-1.2545588070037894;22.72388825767419;pB;1.2545588070037894;-22.72388825767419;236.1198766182945;1
173;38;23.0;p100;6.4;-1.4900135157463108;21.196453245423157;pB;1.4900135157463108;-21.196453245423157;210.09029537648956;1
174;38;24.0;p100;6.4;-1.0630806521109089;22.80922588077715;Gr;1.0630806521109089;-22.80922588077715;257.2878380297838;0
175;38;25.0;p100;6.4;-0.9723813123371552;24.09431419176758;pB;0.9723813123371552;-24.09431419176758;267.3146743832699;1
176;38;26.0;p100;6.4;-1.2911889464818147;21.720899849205864;pB;1.2911889464818147;-21.720899849205864;232.07040486835996;1
177;38;27.0;p100;6.4;-0.9750593589247782;23.812683867701026;V;0.9750593589247782;-23.812683867701026;267.0186156142856;1
178;45;8.0;p100;6.4;-0.48586294222386334;26.36590360748096;pB;0.48586294222386334;-26.36590360748096;300.1318120026429;1
179;45;9.0;p100;6.4;-0.6027421352774865;27.407111671801886;V;0.6027421352774865;-27.407111671801886;295.01484958783885;1
180;45;10.0;p100;6.4;-0.45122940039160714;27.451771382263814;V;0.45122940039160714;-27.451771382263814;301.64806589879953;1
181;45;11.0;p100;6.4;-0.8914264819141976;22.177141560798134;pB;0.8914264819141976;-22.177141560798134;282.3762702745423;1
182;45;12.0;p100;6.4;-0.875505054837048;26.223955119438642;pB;0.875505054837048;-26.223955119438642;283.0733091727014;1
183;45;13.0;p100;6.4;-0.1578286300878686;24.451054263817923;pB;0.1578286300878686;-24.451054263817923;314.4931298908994;1
184;45;14.0;p100;6.4;0.16101860590286748;28.905490760294867;pB;-0.16101860590286748;-28.905490760294867;328.4522382659908;1
185;45;15.0;p100;6.4;-0.1482508268009514;27.70717100728308;pB;0.1482508268009514;-27.70717100728308;314.9124454093857;1
186;47;12.0;m100;6.3;0.5195954326164823;-11.626816195686615;V;0.5195954326164823;-11.626816195686615;285.11557502060464;1
187;47;13.0;m100;6.3;1.8298751314192667;-12.888893524883485;V;1.8298751314192667;-12.888893524883485;317.60875687005773;1
188;47;14.0;m100;6.3;1.5556541578652698;-13.098367892225838;Gr;1.5556541578652698;-13.098367892225838;310.8084439530786;0
189;47;15.0;m100;6.3;-0.09596033150121533;-11.484064658506156;Gr;-0.09596033150121533;-11.484064658506156;269.8506164012878;0
190;47;16.0;m100;6.3;2.1467197833801843;-14.808150285179693;pB;2.1467197833801843;-14.808150285179693;325.46607993138554;1
191;47;17.0;m100;6.3;2.1238668107482543;-15.921512948105317;V;2.1238668107482543;-15.921512948105317;324.89935681401727;1
192;47;18.0;m100;6.3;1.9741166618966428;-11.865541895330693;L;1.9741166618966428;-11.865541895330693;321.18575366267174;0
193;47;19.0;m100;6.3;1.590992295653687;-12.68791750569369;V;1.590992295653687;-12.68791750569369;311.6847824466302;1
194;47;20.0;m100;6.3;-0.44588483370418663;-11.820061612153012;V;-0.44588483370418663;-11.820061612153012;261.17295735333835;1
195;47;21.0;m100;6.3;-0.024184720594400754;-10.207885911851974;V;-0.024184720594400754;-10.207885911851974;271.630555432383;1
196;47;22.0;m100;6.3;2.1412827538543517;-12.576210790578557;Gr;2.1412827538543517;-12.576210790578557;325.33124888022513;0
197;47;23.0;m100;6.3;0.9138077574152723;-11.655038048950644;V;0.9138077574152723;-11.655038048950644;294.89151276022363;1
198;52;7.0;m100;6.3;-0.25571878954990046;-13.653800041886143;Gr;-0.25571878954990046;-13.653800041886143;346.9456315108939;0
199;52;8.0;m100;6.3;-0.14842354368577804;-13.705580480368837;S;-0.14842354368577804;-13.705580480368837;362.9840994714423;0
200;52;9.0;m100;6.3;-1.2323384504200543;-9.209305841595494;V;-1.2323384504200543;-9.209305841595494;200.96075571925226;1
201;52;10.0;m100;6.3;-0.5824782095981581;-12.783973880097903;L;-0.5824782095981581;-12.783973880097903;298.10171072909026;0
202;52;11.0;m100;6.3;-0.3268925724321092;-14.265526050369601;V;-0.3268925724321092;-14.265526050369601;336.3065912888049;1
203;52;12.0;m100;6.3;1.2188826802371067;-17.997976297559603;Gr;1.2188826802371067;-17.997976297559603;567.3687102529566;0
204;52;13.0;m100;6.3;1.2267601692371297;-20.12528765097136;V;1.2267601692371297;-20.12528765097136;568.5462354444869;1
205;52;14.0;m100;6.3;-0.18565670738730697;-8.936268332223278;V;-0.18565670738730697;-8.936268332223278;357.4184949724968;1
206;52;15.0;m100;6.3;-0.8691705340035003;0.10011788244520403;R;-0.8691705340035003;0.10011788244520403;255.2470099221858;0
207;52;16.0;m100;6.3;-0.5387415087771065;-14.609581575350148;R;-0.5387415087771065;-14.609581575350148;304.63946241761204;0
208;52;17.0;m100;6.3;-0.8977533018235049;-11.004715627174079;B;-0.8977533018235049;-11.004715627174079;250.97446455251045;1
209;52;18.0;m100;6.3;-0.5819846488029498;12.561105169906966;R;-0.5819846488029498;12.561105169906966;298.17548807995774;0
210;52;19.0;m100;6.3;-0.9870059123523306;-8.969074889535563;R;-0.9870059123523306;-8.969074889535563;237.6330054521261;0
211;52;20.0;m100;6.3;0.026847667255571552;-12.613192179013083;V;0.026847667255571552;-12.613192179013083;389.18359860534866;1
212;52;21.0;m100;6.3;-0.6637501958175278;-12.61962572141016;V;-0.6637501958175278;-12.61962572141016;285.9531934618835;1
213;52;22.0;m100;6.3;-0.535879915394568;-13.191211343691236;V;-0.535879915394568;-13.191211343691236;305.0672127192431;1
214;52;23.0;m100;6.3;-0.7143734439841256;41.06397439775776;V;-0.7143734439841256;41.06397439775776;278.3860423058381;1
215;56;20.0;p100;6.333333333333333;0.03935436840064017;18.033770265326382;Gr;-0.03935436840064017;-18.033770265326382;313.6118429868456;0
216;56;21.0;p100;6.333333333333333;-0.48283435225999455;12.55355373929575;V;0.48283435225999455;-12.55355373929575;272.31488039527073;1
217;56;22.0;p100;6.333333333333333;-0.7931118047312893;10.701732456574007;V;0.7931118047312893;-10.701732456574007;247.77678556337645;1
218;56;23.0;p100;6.333333333333333;;;Gr;;;;0
219;56;24.0;p100;6.333333333333333;-0.490558019287624;12.18472221806212;Gr;0.490558019287624;-12.18472221806212;271.70405910463415;0
220;56;25.0;p100;6.333333333333333;-0.02584435078815761;13.729182098366095;V;0.02584435078815761;-13.729182098366095;308.4556437798769;1
221;56;26.0;p100;6.333333333333333;0.4375258970017789;14.871088567062657;pB;-0.4375258970017789;-14.871088567062657;345.10098488341623;1
222;56;27.0;p100;6.333333333333333;-0.07975457314198058;16.337425912437766;Gr;0.07975457314198058;-16.337425912437766;304.19218815978473;0
223;56;28.0;p100;6.333333333333333;0.35302362925256675;14.307178283528174;R;-0.35302362925256675;-14.307178283528174;338.4181768255793;0
224;56;29.0;p100;6.333333333333333;-0.47327451419115957;12.351472203475566;V;0.47327451419115957;-12.351472203475566;273.0709141039474;1
225;56;30.0;p100;6.333333333333333;-0.6469450608318101;13.065693464675917;V;0.6469450608318101;-13.065693464675917;259.33628946708484;1
226;56;31.0;p100;6.333333333333333;-0.03322221241572515;13.202757956611833;V;0.03322221241572515;-13.202757956611833;307.87217028919326;1
227;56;32.0;p100;6.333333333333333;2.168767430288295;20.17387345207038;V;-2.168767430288295;-20.17387345207038;482.01511957913266;1
228;56;33.0;p100;6.333333333333333;1.0089804372742768;15.809523946623244;pB;-1.0089804372742768;-15.809523946623244;390.2941034604755;1
229;56;34.0;p100;6.333333333333333;1.328194446126254;17.112954488331525;S;-1.328194446126254;-17.112954488331525;415.5389401654682;0
230;56;35.0;p100;6.333333333333333;-0.0930574493121068;13.069925199618694;V;0.0930574493121068;-13.069925199618694;303.1401386653739;1
231;56;36.0;p100;6.333333333333333;-0.35373533772765947;13.231117906690884;pB;0.35373533772765947;-13.231117906690884;282.5245937858743;1
232;58;34.0;p100;6.5;0.09023616360879436;13.548350333740075;V;-0.09023616360879436;-13.548350333740075;315.6190616232248;1
233;58;35.0;p100;6.5;1.493034756892767;16.690328298817462;V;-1.493034756892767;-16.690328298817462;434.7937398737774;1
234;58;36.0;p100;6.5;-0.15600124970321277;13.106903712068174;V;0.15600124970321277;-13.106903712068174;294.6999755582687;1
235;58;37.0;p100;6.5;0.2734430221247656;14.9624420407726;V;-0.2734430221247656;-14.9624420407726;331.1833903311846;1
236;58;38.0;p100;6.5;0.12934788061141603;15.270812514505963;Gr;-0.12934788061141603;-15.270812514505963;318.94179541546674;0
237;58;39.0;p100;6.5;-0.35673091280584857;14.743680644442577;Gr;0.35673091280584857;-14.743680644442577;277.64699793901053;0
238;58;40.0;p100;6.5;-0.45882604162936297;12.547801267511886;V;0.45882604162936297;-12.547801267511886;268.9735118186634;1
239;58;41.0;p100;6.5;0.6346273749999071;14.259805695158661;V;-0.6346273749999071;-14.259805695158661;361.86778739937836;1
240;58;42.0;p100;6.5;-0.12268933112401267;14.554112972664427;V;0.12268933112401267;-14.554112972664427;297.529987790667;1
241;58;43.0;p100;6.5;0.3521465351534854;14.759487715310058;Gr;-0.3521465351534854;-14.759487715310058;337.8696430030157;0
242;58;44.0;p100;6.5;-0.09419041879265391;13.937173132786484;V;0.09419041879265391;-13.937173132786484;299.9511113388661;1
243;58;45.0;p100;6.5;-0.5307063830422117;11.88753632363364;V;0.5307063830422117;-11.88753632363364;262.8669213206203;1
244;58;46.0;p100;6.5;1.5470878914444457;19.427210359029687;V;-1.5470878914444457;-19.427210359029687;439.3858209818357;1
245;58;47.0;p100;6.5;0.06389877968665052;15.960056653423123;Gr;-0.06389877968665052;-15.960056653423123;313.38157060355184;0
246;58;48.0;p100;6.5;-0.46683287752104713;12.842180408942113;V;0.46683287752104713;-12.842180408942113;268.29329151065565;1
247;58;49.0;p100;6.5;-0.47420903977810624;12.866763663946074;V;0.47420903977810624;-12.866763663946074;267.6666500470005;1
248;58;50.0;p100;6.5;-0.5545775997938932;12.124351421098197;V;0.5545775997938932;-12.124351421098197;260.83894339887814;1
249;58;51.0;p100;6.5;-0.09258758471898812;14.177450916478278;Gr;0.09258758471898812;-14.177450916478278;300.0872800204806;0
250;58;52.0;p100;6.5;-0.7166097980038474;11.030254303832919;V;0.7166097980038474;-11.030254303832919;247.07350680637649;1
251;58;53.0;p100;6.5;-0.30149479767152915;12.402218606390306;V;0.30149479767152915;-12.402218606390306;282.3395790981723;1
252;58;54.0;p100;6.5;-0.23452131751131775;12.489052126231229;V;0.23452131751131775;-12.489052126231229;288.02930746518473;1
253;58;55.0;p100;6.5;-0.5503996608142749;11.96667695279001;V;0.5503996608142749;-11.96667695279001;261.19387997782127;1
254;58;56.0;p100;6.5;-0.20788701152974243;12.561669520360113;V;0.20788701152974243;-12.561669520360113;290.29202348227903;1
255;58;57.0;p100;6.5;-0.35940453242354076;12.807278559008296;V;0.35940453242354076;-12.807278559008296;277.4198607297003;1
256;58;58.0;p100;6.5;-0.6014188666044236;6.913557738792065;V;0.6014188666044236;-6.913557738792065;256.85954612280517;1
257;58;59.0;p100;6.5;-0.6101454190394473;11.078155681059968;V;0.6101454190394473;-11.078155681059968;256.1181823349745;1
258;58;60.0;p100;6.5;-0.14974267545503897;16.199734834975345;Gr;0.14974267545503897;-16.199734834975345;295.23167239336976;0
259;58;61.0;p100;6.5;-0.47700854025698136;12.574616582561362;V;0.47700854025698136;-12.574616582561362;267.42881863597006;1
260;58;62.0;p100;6.5;-0.4789102925638048;12.424288238900942;V;0.4789102925638048;-12.424288238900942;267.2672553721038;1
261;58;63.0;p100;6.5;-0.45968322222229885;11.828336531518175;V;0.45968322222229885;-11.828336531518175;268.90069008797815;1
262;58;64.0;p100;6.5;-0.48123561828450223;10.645145521468748;V;0.48123561828450223;-10.645145521468748;267.06970745188306;1
263;58;65.0;p100;6.5;-0.606408355843358;10.633168064497966;V;0.606408355843358;-10.633168064497966;256.43566433568947;1
264;58;66.0;p100;6.5;0.44770028233605663;14.119610709354731;V;-0.44770028233605663;-14.119610709354731;345.9874064015796;1
265;58;67.0;p100;6.5;0.23177776048345522;10.01247401089313;V;-0.23177776048345522;-10.01247401089313;327.64372029294765;1
266;58;68.0;p100;6.5;-0.632308369638699;5.507025886288716;V;0.632308369638699;-5.507025886288716;254.23533007136803;1
267;58;69.0;p100;6.5;0.7651090964284996;15.946312165739528;V;-0.7651090964284996;-15.946312165739528;372.952854951683;1
268;58;70.0;p100;6.5;-0.4556570589213983;12.687975059241523;pB;0.4556570589213983;-12.687975059241523;269.2427325723848;1
269;58;71.0;p100;6.5;-0.33167232543491687;13.250540968828659;V;0.33167232543491687;-13.250540968828659;279.7758488671777;1
270;58;72.0;p100;6.5;-0.3262927799455255;12.783310651192096;pB;0.3262927799455255;-12.783310651192096;280.23286786185145;1
271;58;73.0;p100;6.5;-0.28156572230700416;13.391372670901887;pB;0.28156572230700416;-13.391372670901887;284.03265261262334;1
272;61;13.0;m100;3.6;0.13039852752231526;-13.19951103924194;V;0.13039852752231526;-13.19951103924194;308.3596987982952;1
273;61;14.0;m100;3.6;-1.589294299727948;0.050333840015667874;Gr;-1.589294299727948;0.050333840015667874;227.38204407534008;0
274;61;15.0;m100;3.6;-0.15117697384451875;0.5276573837631418;V;-0.15117697384451875;0.5276573837631418;295.100747335094;1
275;61;16.0;m100;3.6;2.570224376168299;-1.4698091236602409;S;2.570224376168299;-1.4698091236602409;423.247295016107;0
276;61;17.0;m100;3.6;1.017299379756748;-13.873866965204911;pB;1.017299379756748;-13.873866965204911;350.12247750370574;1
277;61;18.0;m100;3.6;0.8530159259505342;-14.082361994180872;S;0.8530159259505342;-14.082361994180872;342.3866257351747;0
278;61;19.0;m100;3.6;0.5811018661353575;-13.169026851782917;V;0.5811018661353575;-13.169026851782917;329.5826164952001;1
279;61;20.0;m100;3.6;0.28237739017397767;0.13735964593450944;pB;0.28237739017397767;0.13735964593450944;315.5161465487182;1
280;61;21.0;m100;3.6;2.2921857274596635;-17.159595769973578;V;2.2921857274596635;-17.159595769973578;410.1548884316325;1
281;61;22.0;m100;3.6;-0.25101887661034683;-12.66930057130702;B;-0.25101887661034683;-12.66930057130702;290.3993477589955;1
282;61;23.0;m100;3.6;-0.2582944997286402;0.03224278962943572;V;-0.2582944997286402;0.03224278962943572;290.05675000698324;1
283;61;24.0;m100;3.6;1.9695808954939664;1.5685196185153814;V;1.9695808954939664;1.5685196185153814;394.96392974359384;1
284;61;25.0;m100;3.6;0.21155667032038256;-13.49557409713475;L;0.21155667032038256;-13.49557409713475;312.18130924018243;0
285;61;26.0;m100;3.6;-0.7398086267648422;-12.279262209723242;V;-0.7398086267648422;-12.279262209723242;267.3830003084923;1
286;61;27.0;m100;3.6;0.9761601515984311;-14.41326034262164;L;0.9761601515984311;-14.41326034262164;348.1852953740926;0
287;61;28.0;m100;3.6;0.48627844509837415;-12.977187246929134;V;0.48627844509837415;-12.977187246929134;325.11752940132646;1
288;61;29.0;m100;3.6;1.7666000892868288;-16.248031382845227;V;1.7666000892868288;-16.248031382845227;385.40587996867515;1
289;61;30.0;m100;3.6;-0.27213177843645253;-12.902417065060376;V;-0.27213177843645253;-12.902417065060376;289.40517412101633;1
290;61;31.0;m100;3.6;0.8871207949357784;-14.326735956786592;V;0.8871207949357784;-14.326735956786592;343.9925708558941;1
291;61;32.0;m100;3.6;0.3621425919694476;-13.573730112400938;pB;0.3621425919694476;-13.573730112400938;319.2721655699922;1
292;61;33.0;m100;3.6;4.954628012742677;-18.269937088627785;V;4.954628012742677;-18.269937088627785;535.5251456549406;1
293;61;34.0;m100;3.6;1.4644791906353116;0.5151058424613097;V;1.4644791906353116;0.5151058424613097;371.17947777177216;1
294;61;35.0;m100;3.6;-0.31688246495191774;-13.012084886988248;B;-0.31688246495191774;-13.012084886988248;287.29793404660205;1
295;66;11.0;p100;3.7333333333333334;0.2094922867630937;14.21957537267059;V;-0.2094922867630937;-14.21957537267059;320.52869821408007;1
296;66;12.0;p100;3.7333333333333334;-0.045638791313906885;14.056834457664536;pB;0.045638791313906885;-14.056834457664536;304.277961019381;1
297;66;13.0;p100;3.7333333333333334;-0.6884119707949772;13.122037228093859;V;0.6884119707949772;-13.122037228093859;263.336112247843;1
298;66;14.0;p100;3.7333333333333334;1.3085424427441512;10.295220923284148;pB;-1.3085424427441512;-10.295220923284148;390.5334008291444;1
299;66;15.0;p100;3.7333333333333334;-1.7286681254919394;9.47951695846345;V;1.7286681254919394;-9.47951695846345;197.0763311480018;1
300;66;16.0;p100;3.7333333333333334;1.0041806924304397;14.75862307270313;pB;-1.0041806924304397;-14.75862307270313;371.1468844794037;1
301;66;17.0;p100;3.7333333333333334;0.2785815649246456;14.2555646765515;pB;-0.2785815649246456;-14.2555646765515;324.9293839746599;1
302;66;18.0;p100;3.7333333333333334;-0.3396548130856718;8.505230973694836;pB;0.3396548130856718;-8.505230973694836;285.55042246603455;1
303;66;19.0;p100;3.7333333333333334;0.2138706339498336;14.288751499105217;pB;-0.2138706339498336;-14.288751499105217;320.8075798384402;1
304;68;17.0;m100;6.1;0.9264457418944545;-18.087763073516726;S;0.9264457418944545;-18.087763073516726;444.33790105281463;0
305;68;18.0;m100;6.1;3.0061711774220394;-22.818143892461535;V;3.0061711774220394;-22.818143892461535;641.9349459722749;1
306;68;19.0;m100;6.1;0.2511685120371823;-16.47732263370449;V;0.2511685120371823;-16.47732263370449;380.1790544849998;1
307;68;20.0;m100;6.1;-0.8119847371752988;-12.973534177472516;V;-0.8119847371752988;-12.973534177472516;279.16767252456486;1
308;68;21.0;m100;6.1;;;V;;;;1
309;68;22.0;m100;6.1;-1.1517009424752114;-10.91969789466242;V;-1.1517009424752114;-10.91969789466242;246.89085505058583;1
310;69;14.0;m100;6.133333333333334;-0.40491291496645593;-11.185674304062331;B;-0.40491291496645593;-11.185674304062331;271.58237988645766;1
311;69;15.0;m100;6.133333333333334;-0.33318418120409615;0.008824995646307343;B;-0.33318418120409615;0.008824995646307343;279.20166511473667;1
312;69;16.0;m100;6.133333333333334;-0.6581473483738948;-3.6056343968671456;pB;-0.6581473483738948;-3.6056343968671456;244.68290353231902;1
313;69;17.0;m100;6.133333333333334;-0.6594220791191928;-11.421051106233847;B;-0.6594220791191928;-11.421051106233847;244.54749702744664;1
314;69;18.0;m100;6.133333333333334;-0.5218353438108306;-11.61571137871394;B;-0.5218353438108306;-11.61571137871394;259.16245709930905;1
315;69;19.0;m100;6.133333333333334;0.5478084883381332;-4.169036058226538;V;0.5478084883381332;-4.169036058226538;372.7838891576718;1
316;69;20.0;m100;6.133333333333334;0.3962781218973339;-15.47904550767879;V;0.3962781218973339;-15.47904550767879;356.68778621400116;1
317;69;21.0;m100;6.133333333333334;1.173249267700856;-17.344319007939532;V;1.173249267700856;-17.344319007939532;439.2204682160685;1
318;69;22.0;m100;6.133333333333334;-0.4429523360287711;-11.81296950455058;V;-0.4429523360287711;-11.81296950455058;267.54169515957244;1
319;69;23.0;m100;6.133333333333334;0.04860484252710931;-13.386638181497347;V;0.04860484252710931;-13.386638181497347;319.7566744708441;1
320;69;24.0;m100;6.133333333333334;-0.3729968207251066;-9.940213947863413;V;-0.3729968207251066;-9.940213947863413;274.9726227172196;1
321;69;25.0;m100;6.133333333333334;1.336384194148696;-17.905208025754746;V;1.336384194148696;-17.905208025754746;456.5492494464528;1
322;69;26.0;m100;6.133333333333334;1.3469231064639313;-10.49602242191611;V;1.3469231064639313;-10.49602242191611;457.6687307855718;1
323;69;27.0;m100;6.133333333333334;-0.4401393372291073;-12.397510746034442;V;-0.4401393372291073;-12.397510746034442;267.84050205434426;1
324;69;28.0;m100;6.133333333333334;-0.2609841439585786;-15.958265405262068;Gr;-0.2609841439585786;-15.958265405262068;286.87101390163303;0
325;69;29.0;m100;6.133333333333334;2.8464345594736526;-21.213323721022675;L;2.8464345594736526;-21.213323721022675;616.952254476431;0
326;69;30.0;m100;6.133333333333334;-0.5541424379928676;-11.640837825880993;L;-0.5541424379928676;-11.640837825880993;255.73068084231642;0
327;70;14.0;p100;6.333333333333333;-0.7819315816566859;12.927229407121615;V;0.7819315816566859;-12.927229407121615;270.7014183443186;1
328;70;15.0;p100;6.333333333333333;-0.7545152143092082;12.892423256309769;V;0.7545152143092082;-12.892423256309769;273.85439333661066;1
329;70;16.0;p100;6.333333333333333;-0.8693502368451362;11.427816057672885;V;0.8693502368451362;-11.427816057672885;260.64797726747423;1
330;70;17.0;p100;6.333333333333333;-0.8372644641061645;8.865569139330091;L;0.8372644641061645;-8.865569139330091;264.3379496760053;0
331;70;18.0;p100;6.333333333333333;-0.25113574000182537;15.22273643591194;L;0.25113574000182537;-15.22273643591194;331.74473577361914;0
332;70;19.0;p100;6.333333333333333;-0.9034515075213891;10.134441665647273;V;0.9034515075213891;-10.134441665647273;256.7262157778909;1
333;70;20.0;p100;6.333333333333333;-0.10238927565705101;15.210607161462235;L;0.10238927565705101;-15.210607161462235;348.8510823704116;0
334;70;21.0;p100;6.333333333333333;1.2103930411210673;19.988941632195235;V;-1.2103930411210673;-19.988941632195235;499.8254898352811;1
335;70;22.0;p100;6.333333333333333;-0.7847760184085467;10.314355533617743;V;0.7847760184085467;-10.314355533617743;270.3742984953573;1
336;70;23.0;p100;6.333333333333333;-1.0005505530614536;12.486216057438071;L;1.0005505530614536;-12.486216057438071;245.5594970626408;0
337;70;24.0;p100;6.333333333333333;1.2106962741178422;19.234860589839343;S;-1.2106962741178422;-19.234860589839343;499.86036265572267;0
338;70;25.0;p100;6.333333333333333;-0.6987647819967896;13.462004838818075;V;0.6987647819967896;-13.462004838818075;280.26588165169915;1
339;70;26.0;p100;6.333333333333333;0.2641276264395521;10.257488478103255;L;-0.2641276264395521;-10.257488478103255;391.00176600827376;0
340;70;27.0;p100;6.333333333333333;-0.6939497833218444;13.031789289522806;V;0.6939497833218444;-13.031789289522806;280.8196227880652;1
341;70;28.0;p100;6.333333333333333;-0.7095876138682726;0.11873554510782469;L;0.7095876138682726;-0.11873554510782469;279.0212193737221;0
342;71;9.0;p100;3.8333333333333335;-1.394771539311347;11.884755762281145;V;1.394771539311347;-11.884755762281145;258.2491786452206;1
343;71;10.0;p100;3.8333333333333335;2.832971159336579;16.7900207123177;R;-2.832971159336579;-16.7900207123177;407.25239458430036;0
344;71;11.0;p100;3.8333333333333335;2.2249886162273933;16.10625934305932;V;-2.2249886162273933;-16.10625934305932;385.82456403371816;1
345;71;12.0;p100;3.8333333333333335;-0.4591823521242859;13.153710480312782;pB;0.4591823521242859;-13.153710480312782;291.22322830375;1
346;71;13.0;p100;3.8333333333333335;-0.5904783236582837;13.00622726782774;V;0.5904783236582837;-13.00622726782774;286.59581282629716;1
347;71;14.0;p100;3.8333333333333335;-1.3989086067887102;12.084291302845259;pB;1.3989086067887102;-12.084291302845259;258.1033712007701;1
348;71;15.0;p100;3.8333333333333335;-2.565019162383701;11.02742927800125;V;2.565019162383701;-11.02742927800125;217.0047908685921;1
349;71;16.0;p100;3.8333333333333335;-0.8434588082017773;12.012097942536343;V;0.8434588082017773;-12.012097942536343;277.6797295985117;1
350;71;17.0;p100;3.8333333333333335;8.229727565872645;20.97509449421011;Gr;-8.229727565872645;-20.97509449421011;597.4565100028843;0
351;71;18.0;p100;3.8333333333333335;0.2865418028125606;13.86103829142337;V;-0.2865418028125606;-13.86103829142337;317.5056454727462;1
352;71;19.0;p100;3.8333333333333335;1.6334104332513493;15.211634161331176;V;-1.6334104332513493;-15.211634161331176;364.9748912825788;1
353;71;20.0;p100;3.8333333333333335;-0.10244685876581792;13.9142234492503;pB;0.10244685876581792;-13.9142234492503;303.79606906982247;1
354;71;21.0;p100;3.8333333333333335;-1.531919478333535;11.384760457973613;V;1.531919478333535;-11.384760457973613;253.41551552275612;1
355;71;22.0;p100;3.8333333333333335;-1.4704912196573041;12.003195325207827;pB;1.4704912196573041;-12.003195325207827;255.58050254886425;1
356;72;12.0;m100;6.5;-0.24768216566554466;-12.017543578636207;V;-0.24768216566554466;-12.017543578636207;274.3550319434774;1
357;72;13.0;m100;6.5;-0.12497494123110857;-2.9508724183078243;V;-0.12497494123110857;-2.9508724183078243;277.399278945563;1
358;72;14.0;m100;6.5;-0.32163899312566835;-11.75052019968399;V;-0.32163899312566835;-11.75052019968399;272.52023491895875;1
359;72;15.0;m100;6.5;-0.898941039463271;-6.568237807666009;Gr;-0.898941039463271;-6.568237807666009;258.19793212088535;0
360;72;16.0;m100;6.5;-0.06199241434437686;-11.995819498608682;Gr;-0.06199241434437686;-11.995819498608682;278.9618142367199;0
361;72;17.0;m100;6.5;0.9067062736485233;-53.52483831816852;Gr;0.9067062736485233;-53.52483831816852;302.9942873892874;0
362;72;18.0;m100;6.5;5.182827140759909;-5.239422748823415;R;5.182827140759909;-5.239422748823415;409.0806909426093;0
363;72;19.0;m100;6.5;0.35843949092419375;-4.005963181063009;V;0.35843949092419375;-4.005963181063009;289.39232126753336;1
364;72;20.0;m100;6.5;3.0010135953959067;-8.224949374834466;V;3.0010135953959067;-8.224949374834466;354.9520169774259;1
365;72;21.0;m100;6.5;-0.38938449782168844;-8.091836229824821;V;-0.38938449782168844;-8.091836229824821;270.8395347765981;1
366;72;22.0;m100;6.5;-0.20714874834403643;-13.114262392295018;Gr;-0.20714874834403643;-13.114262392295018;275.3606266403994;0
367;74;12.0;p100;6.333333333333333;-0.7047794582378261;12.711846311643058;V;0.7047794582378261;-12.711846311643058;314.92773389412207;1
368;74;13.0;p100;6.333333333333333;-1.3311967857761793;10.836309379045701;V;1.3311967857761793;-10.836309379045701;261.97215685916444;1
369;74;14.0;p100;6.333333333333333;-0.7733378088115416;5.206918156286349;pB;0.7733378088115416;-5.206918156286349;309.132001790952;1
370;74;15.0;p100;6.333333333333333;0.6094870418833574;17.190348396950924;B;-0.6094870418833574;-17.190348396950924;426.0321651286975;1
371;74;16.0;p100;6.333333333333333;-0.8810124057171227;13.373235902358488;B;0.8810124057171227;-13.373235902358488;300.0294911156029;1
372;74;17.0;p100;6.333333333333333;-0.6619732059214208;13.75467497765726;V;0.6619732059214208;-13.75467497765726;318.54645529990955;1
373;74;18.0;p100;6.333333333333333;0.09942176787354036;16.50899261721713;V;-0.09942176787354036;-16.50899261721713;382.9126667954879;1
374;74;19.0;p100;6.333333333333333;0.7445466799527374;17.833190474687967;S;-0.7445466799527374;-17.833190474687967;437.44973094891924;0
375;74;20.0;p100;6.333333333333333;1.5994207799985345;15.717069777983681;S;-1.5994207799985345;-15.717069777983681;509.7184075483761;0
376;74;21.0;p100;6.333333333333333;0.13696305388595004;13.34820276268249;V;-0.13696305388595004;-13.34820276268249;386.0863026066713;1
377;74;22.0;p100;6.333333333333333;0.7815266602553345;15.231607511705363;B;-0.7815266602553345;-15.231607511705363;440.575915537971;1
378;74;23.0;p100;6.333333333333333;-0.2465230472435578;14.56571833317497;V;0.2465230472435578;-14.56571833317497;353.66745517471577;1
379;74;24.0;p100;6.333333333333333;-0.9009933553876084;13.517510615392837;V;0.9009933553876084;-13.517510615392837;298.34035725389276;1
380;74;25.0;p100;6.333333333333333;-0.5134139753790138;14.475558454473742;V;0.5134139753790138;-14.475558454473742;331.1052390873213;1
381;77;10.0;m100;6.0;-0.9868028814063518;-12.82264299999838;pB;-0.9868028814063518;-12.82264299999838;308.5503654979945;1
382;77;11.0;m100;6.0;-1.7996822693639702;-10.527598270799729;V;-1.7996822693639702;-10.527598270799729;235.55181562705505;1
383;77;12.0;m100;6.0;-0.12794586261649188;-9.558313138762173;B;-0.12794586261649188;-9.558313138762173;385.6778186564042;1
384;77;13.0;m100;6.0;0.5025359566455881;-17.546000934941958;pB;0.5025359566455881;-17.546000934941958;442.2966223903269;1
385;77;14.0;m100;6.0;1.28783128535584;-20.290212289942417;V;1.28783128535584;-20.290212289942417;512.8180565237508;1
386;77;15.0;m100;6.0;0.48444623646679313;-16.40960117994547;V;0.48444623646679313;-16.40960117994547;440.6721214370662;1
387;77;16.0;m100;6.0;0.11846978371806945;-3.1301143241825002;R;0.11846978371806945;-3.1301143241825002;407.8065441652753;0
388;77;17.0;m100;6.0;0.9805664665142555;-18.686413669209458;V;0.9805664665142555;-18.686413669209458;485.22492704589763;1
389;77;18.0;m100;6.0;-1.35969847165274;-12.003644669174832;B;-1.35969847165274;-12.003644669174832;275.0634328182922;1
390;77;19.0;m100;6.0;-1.65285163535044;-11.538991316306692;V;-1.65285163535044;-11.538991316306692;248.73756435977745;1
391;77;20.0;m100;6.0;-0.414076799449466;-13.560574210321477;V;-0.414076799449466;-13.560574210321477;359.9825632821721;1
392;77;21.0;m100;6.0;-0.05771251973851675;-14.67774084415504;V;-0.05771251973851675;-14.67774084415504;391.9849439921348;1
393;77;22.0;m100;6.0;-1.0443331699033647;-14.121115315883003;V;-1.0443331699033647;-14.121115315883003;303.38400540059996;1
394;77;23.0;m100;6.0;0.37853817130660977;-16.438342542439273;pB;0.37853817130660977;-16.438342542439273;431.16131910788545;1
395;78;9.0;p100;6.3;-0.38285676932794;13.536739885483314;V;0.38285676932794;-13.536739885483314;301.3615951858172;1
396;78;10.0;p100;6.3;-0.0932008098035564;14.084906519920139;V;0.0932008098035564;-14.084906519920139;318.4961501848014;1
397;78;11.0;p100;6.3;0.532657108846104;15.987056315137806;V;-0.532657108846104;-15.987056315137806;355.5186818332472;1
398;78;12.0;p100;6.3;-0.9264511437707815;8.37446241671114;V;0.9264511437707815;-8.37446241671114;269.20535120132143;1
399;78;13.0;p100;6.3;0.22975348558374742;13.583609390206504;Gr;-0.22975348558374742;-13.583609390206504;337.6004632655966;0
400;78;14.0;p100;6.3;-0.19804716976902342;13.957088716751628;B;0.19804716976902342;-13.957088716751628;312.2939794294631;1
401;78;15.0;p100;6.3;-0.41901054492258316;13.866509293656009;V;0.41901054492258316;-13.866509293656009;299.22292399339796;1
402;78;16.0;p100;6.3;-0.3553262432180376;13.276586987202961;V;0.3553262432180376;-13.276586987202961;302.9901593436397;1
403;78;17.0;p100;6.3;1.3647221245647299;15.949564271546137;V;-1.3647221245647299;-15.949564271546137;404.73936349286726;1
404;81;6.0;p100;6.2;8.394790350195004;0.14813985030593813;V;-8.394790350195004;-0.14813985030593813;489.3724961148072;1
405;81;7.0;p100;6.2;1.2834729555445448;13.765211195629774;B;-1.2834729555445448;-13.765211195629774;319.67961073315314;1
406;81;8.0;p100;6.2;1.7125289981132241;14.593606432103456;V;-1.7125289981132241;-14.593606432103456;329.91790468255317;1
407;81;9.0;p100;6.2;0.34173097944285796;13.286670409609485;V;-0.34173097944285796;-13.286670409609485;297.2074154504715;1
408;81;10.0;p100;6.2;-0.6464843444682605;12.539036076628975;V;0.6464843444682605;-12.539036076628975;273.62625595687445;1
409;88;9.0;p100;6.0;0.5728774010790021;9.009880996140396;L;-0.5728774010790021;-9.009880996140396;279.6170138585319;0
410;88;10.0;p100;6.0;-0.7994406509943311;10.378889746496782;B;0.7994406509943311;-10.378889746496782;219.01599514017875;1
411;88;11.0;p100;6.0;0.5706844929618045;13.08497349991768;R;-0.5706844929618045;-13.08497349991768;279.5201759092991;0
412;88;12.0;p100;6.0;-0.7953714763360057;12.354673022957599;R;0.7953714763360057;-12.354673022957599;219.19568827273272;0
413;88;13.0;p100;6.0;0.020732121540636094;11.806469812973091;B;-0.020732121540636094;-11.806469812973091;255.23449818004048;1
414;88;14.0;p100;6.0;-0.24791819236323362;11.269502980931065;V;0.24791819236323362;-11.269502980931065;243.37100729541436;1
415;88;15.0;p100;6.0;-0.32168794855103866;10.655037497054451;B;0.32168794855103866;-10.655037497054451;240.11336423750126;1
416;88;16.0;p100;6.0;-0.07760795066504551;12.777369085415415;V;0.07760795066504551;-12.777369085415415;250.8918397507522;1
417;88;17.0;p100;6.0;0.2778846666449064;11.591702934130012;B;-0.2778846666449064;-11.591702934130012;266.59025217292265;1
418;88;18.0;p100;6.0;-0.39486739132979903;11.24074008370161;B;0.39486739132979903;-11.24074008370161;236.88178918466699;1
419;88;19.0;p100;6.0;0.15117687115921283;12.228886612260851;R;-0.15117687115921283;-12.228886612260851;260.9948863797024;0
420;88;20.0;p100;6.0;-0.1664420031292736;9.97085889614587;B;0.1664420031292736;-9.97085889614587;246.96896336792068;1
421;88;21.0;p100;6.0;-0.4537876335826553;11.414543043957423;B;0.4537876335826553;-11.414543043957423;234.2798947489998;1
422;88;22.0;p100;6.0;0.3969008466206552;4.864004959801093;B;-0.3969008466206552;-4.864004959801093;271.84595928804833;1
423;88;23.0;p100;6.0;0.18930567741411067;12.67231114254571;B;-0.18930567741411067;-12.67231114254571;262.67863928091253;1
424;88;24.0;p100;6.0;-0.4826899394556199;11.501166758433698;V;0.4826899394556199;-11.501166758433698;233.00358043063542;1
425;88;25.0;p100;6.0;-0.753442357393869;12.144847169919046;B;0.753442357393869;-12.144847169919046;221.0472614689153;1
426;88;26.0;p100;6.0;-0.7227242915146406;11.169411664204773;R;0.7227242915146406;-11.169411664204773;222.40375902611515;0
427;90;15.0;m100;5.933333333333334;-0.7375633073071853;-2.0186820588230034;pB;-0.7375633073071853;-2.0186820588230034;246.17282764318932;1
428;90;16.0;m100;5.933333333333334;-0.9338452594361545;-10.57075304668021;V;-0.9338452594361545;-10.57075304668021;243.01570555328698;1
429;90;17.0;m100;5.933333333333334;1.334106375081485;-11.85355421529772;B;1.334106375081485;-11.85355421529772;279.4948628395416;1
430;90;18.0;m100;5.933333333333334;-0.7346088394504602;-10.341607640547437;Gr;-0.7346088394504602;-10.341607640547437;246.22034915819975;0
431;90;19.0;m100;5.933333333333334;1.2456657333667334;-11.310259123951937;V;1.2456657333667334;-11.310259123951937;278.07232805947524;1
432;90;20.0;m100;5.933333333333334;0.013001670901381287;-10.98641096619059;V;0.013001670901381287;-10.98641096619059;258.2453857510909;1
433;90;21.0;m100;5.933333333333334;0.35114822687977243;-9.260351594168611;L;0.35114822687977243;-9.260351594168611;263.6843471529131;0
434;90;22.0;m100;5.933333333333334;-0.14882981644904122;-0.19345173089342893;V;-0.14882981644904122;-0.19345173089342893;255.64238655521953;1
435;90;23.0;m100;5.933333333333334;1.6507471454035056;-12.00228498958603;V;1.6507471454035056;-12.00228498958603;284.58791168944555;1
436;90;24.0;m100;5.933333333333334;-0.4846085890114264;-10.514558222508441;V;-0.4846085890114264;-10.514558222508441;250.24151006770398;1
437;90;25.0;m100;5.933333333333334;-1.520186288184696;-10.149895428487469;V;-1.520186288184696;-10.149895428487469;233.58462850315775;1
438;90;26.0;m100;5.933333333333334;2.0404280759339484;-5.731744083521221;V;2.0404280759339484;-5.731744083521221;290.8557843106787;1
439;90;27.0;m100;5.933333333333334;7.811917046463973;-8.413526325479893;V;7.811917046463973;-8.413526325479893;383.688034667123;1
440;90;28.0;m100;5.933333333333334;0.4502597482923016;-12.05680499489074;pB;0.4502597482923016;-12.05680499489074;265.27851905828385;1
441;90;29.0;m100;5.933333333333334;1.5170701466268603;-13.7103199383115;pB;1.5170701466268603;-13.7103199383115;282.43776695544426;1
442;90;30.0;m100;5.933333333333334;4.850031070075237;-15.446676254280874;V;4.850031070075237;-15.446676254280874;336.0472019649668;1
443;90;31.0;m100;5.933333333333334;12.8432321112329;-17.628406878288786;V;12.8432321112329;-17.628406878288786;464.61486344557005;1
444;90;32.0;m100;5.933333333333334;-0.663636275700008;-11.551212509603687;V;-0.663636275700008;-11.551212509603687;247.36191641063022;1
445;90;33.0;m100;5.933333333333334;-1.2514339724513177;-11.011354344667353;V;-1.2514339724513177;-11.011354344667353;237.90740939824866;1
446;90;34.0;m100;5.933333333333334;-1.5558395195656916;-8.945260289371248;B;-1.5558395195656916;-8.945260289371248;233.0111595563267;1
447;91;10.0;m100;6.0;2.178783604422091;-14.40628570782809;V;2.178783604422091;-14.40628570782809;347.735663551889;1
448;91;11.0;m100;6.0;-0.3494524617745894;-11.601353746650261;V;-0.3494524617745894;-11.601353746650261;276.3549178492703;1
449;91;12.0;m100;6.0;-1.4012993789651014;0.011144661154105506;V;-1.4012993789651014;0.011144661154105506;246.6576841463244;1
450;91;13.0;m100;6.0;-0.9227367727937634;-5.423911860550817;V;-0.9227367727937634;-5.423911860550817;260.1691422536708;1
451;91;14.0;m100;6.0;-0.2542788080638747;-0.35490132496869364;V;-0.2542788080638747;-0.35490132496869364;279.0419953986913;1
452;91;15.0;m100;6.0;2.493444843262104;-5.855159602653771;V;2.493444843262104;-5.855159602653771;356.61962584181015;1
453;91;16.0;m100;6.0;0.7195934525948886;-0.05932163576756011;V;0.7195934525948886;-0.05932163576756011;306.53773802904334;1
454;92;12.0;m100;5.766666666666667;-0.7706140990366057;-11.949464663937704;V;-0.7706140990366057;-11.949464663937704;262.93909411338154;1
455;92;13.0;m100;5.766666666666667;-0.5220907983861306;-12.178871409462317;V;-0.5220907983861306;-12.178871409462317;280.93411125137;1
456;92;14.0;m100;5.766666666666667;-0.620356930907682;-12.077521701666797;V;-0.620356930907682;-12.077521701666797;273.81888006708715;1
457;92;15.0;m100;5.766666666666667;-0.8965436319278574;-11.167090917616832;V;-0.8965436319278574;-11.167090917616832;253.82081789289944;1
458;92;16.0;m100;5.766666666666667;-0.30109170423054804;-7.779947477374094;V;-0.30109170423054804;-7.779947477374094;296.9361620707527;1
459;92;17.0;m100;5.766666666666667;-0.11127241390449749;-13.418124569915904;V;-0.11127241390449749;-13.418124569915904;310.68055293308913;1
460;92;18.0;m100;5.766666666666667;-0.9060044104930143;-2.570922806000283;V;-0.9060044104930143;-2.570922806000283;253.13578404708653;1
461;92;19.0;m100;5.766666666666667;-0.08162540227243084;-12.609889949248952;V;-0.08162540227243084;-12.609889949248952;312.82722683051776;1
462;92;20.0;m100;5.766666666666667;-0.19153989074634079;-13.464976294497603;V;-0.19153989074634079;-13.464976294497603;304.8685642076396;1
463;92;21.0;m100;5.766666666666667;-0.7738156546113568;-13.19928830743197;V;-0.7738156546113568;-13.19928830743197;262.7072766246991;1
464;92;22.0;m100;5.766666666666667;-0.7462966218548825;-12.049379228408014;Gr;-0.7462966218548825;-12.049379228408014;264.6998683244612;0
465;92;23.0;m100;5.766666666666667;-0.2689328497441706;-12.375971397019498;V;-0.2689328497441706;-12.375971397019498;299.2647128992093;1
466;94;11.0;m100;3.466666666666667;0.3346235374288668;-8.457033041531588;V;0.3346235374288668;-8.457033041531588;323.9035849139802;1
467;94;12.0;m100;3.466666666666667;-0.08176101546677826;-8.918677349273764;Gr;-0.08176101546677826;-8.918677349273764;283.5708799887335;0
468;94;13.0;m100;3.466666666666667;-0.4453402342754991;-10.962377971074943;Gr;-0.4453402342754991;-10.962377971074943;248.3531149511362;0
469;94;14.0;m100;3.466666666666667;-0.6682090416386067;-10.714320638151463;Gr;-0.6682090416386067;-10.714320638151463;226.76513388433935;0
470;94;15.0;m100;3.466666666666667;-0.40788253726763163;-11.41609577238225;pB;-0.40788253726763163;-11.41609577238225;251.98142015624367;1
471;94;16.0;m100;3.466666666666667;0.14711065599917694;-13.022796048782027;Gr;0.14711065599917694;-13.022796048782027;305.74032293946146;0
472;94;17.0;m100;3.466666666666667;0.2692648095580075;-3.6226002568820945;pB;0.2692648095580075;-3.6226002568820945;317.57267213834336;1
473;94;18.0;m100;3.466666666666667;2.215790238342547;-36.18119030177496;V;2.215790238342547;-36.18119030177496;506.12105896654555;1
474;94;19.0;m100;3.466666666666667;4.1849667578388505;-4.3742854901784085;Gr;4.1849667578388505;-4.3742854901784085;696.8635227641245;0
475;94;20.0;m100;3.466666666666667;-0.27120317401311766;-11.229904478953074;pB;-0.27120317401311766;-11.229904478953074;265.22074036920196;1
476;94;21.0;m100;3.466666666666667;0.13103369461643252;-10.912404954988062;Gr;0.13103369461643252;-10.912404954988062;304.183042932229;0
477;94;22.0;m100;3.466666666666667;-0.4421357235619806;-5.788607965370801;pB;-0.4421357235619806;-5.788607965370801;248.66351692003568;1
478;96;18.0;m100;3.8666666666666667;-0.6205030356638195;-0.08316483571610434;Gr;-0.6205030356638195;-0.08316483571610434;227.0307367365487;0
479;96;19.0;m100;3.8666666666666667;-0.151753631884805;0.45706189470513436;V;-0.151753631884805;0.45706189470513436;273.17692998947285;1
480;96;20.0;m100;3.8666666666666667;-0.2401498557400174;-0.3430970602274215;pB;-0.2401498557400174;-0.3430970602274215;264.4747338992685;1
481;96;21.0;m100;3.8666666666666667;-0.4227931267638864;-10.946074964426941;Gr;-0.4227931267638864;-10.946074964426941;246.49435544317754;0
482;96;22.0;m100;3.8666666666666667;-0.3771559047855131;-11.110303940786679;V;-0.3771559047855131;-11.110303940786679;250.98712716291172;1
483;96;23.0;m100;3.8666666666666667;-0.4592995526299213;-11.306124600650008;V;-0.4592995526299213;-11.306124600650008;242.90046802826834;1
484;96;24.0;m100;3.8666666666666667;-0.5531590968869606;-11.093232079225686;V;-0.5531590968869606;-11.093232079225686;233.66043351729402;1
485;96;25.0;m100;3.8666666666666667;-0.4265672209813876;-11.06694656673099;Gr;-0.4265672209813876;-11.06694656673099;246.1228134642193;0
486;96;26.0;m100;3.8666666666666667;0.09378315087749194;-14.138071552371969;Gr;0.09378315087749194;-14.138071552371969;297.34888143453935;0
487;96;27.0;m100;3.8666666666666667;2.3449119648812573;12.036680073919115;Gr;2.3449119648812573;12.036680073919115;518.962017260984;0
488;96;28.0;m100;3.8666666666666667;-0.16737784148337836;-2.8821995334442363;Gr;-0.16737784148337836;-2.8821995334442363;271.63879940253804;0
489;96;29.0;m100;3.8666666666666667;;;Gr;;;;0
490;96;30.0;m100;3.8666666666666667;0.4842130419701482;-3.6194162899064395;Gr;0.4842130419701482;-3.6194162899064395;335.78488382905897;0
491;96;31.0;m100;3.8666666666666667;-0.35484716995101107;-11.443288925632999;pB;-0.35484716995101107;-11.443288925632999;253.18331809265314;1
492;96;32.0;m100;3.8666666666666667;-0.33885851358336067;-11.900263526954092;V;-0.33885851358336067;-11.900263526954092;254.75732676476662;1
493;96;33.0;m100;3.8666666666666667;-0.3992064264362853;-10.740336348929617;Gr;-0.3992064264362853;-10.740336348929617;248.81635611718676;0
494;96;34.0;m100;3.8666666666666667;-0.19152330809872442;-14.99285314478115;Gr;-0.19152330809872442;-14.99285314478115;269.26179079275414;0
495;96;35.0;m100;3.8666666666666667;0.5348884082285243;-14.22468160344664;pB;0.5348884082285243;-14.22468160344664;340.7736373627577;1
496;96;36.0;m100;3.8666666666666667;-0.32816348184922134;-11.227031343267441;V;-0.32816348184922134;-11.227031343267441;255.81020277329253;1
497;96;37.0;m100;3.8666666666666667;-0.15189377773233245;-12.608601686397833;Gr;-0.15189377773233245;-12.608601686397833;273.1631332842153;0
498;96;38.0;m100;3.8666666666666667;-0.14754295451418867;-12.11736904110586;V;-0.14754295451418867;-12.11736904110586;273.59145154428165;1
499;96;39.0;m100;3.8666666666666667;-0.40945368726490866;-8.75147138905433;Gr;-0.40945368726490866;-8.75147138905433;247.80756106657225;0
500;96;40.0;m100;3.8666666666666667;-0.2059294726817042;-12.084201294468471;pB;-0.2059294726817042;-12.084201294468471;267.8435710584566;1
501;96;41.0;m100;3.8666666666666667;-0.4419418589361473;-11.317117699199713;Gr;-0.4419418589361473;-11.317117699199713;244.60925204198747;0
502;99;8.0;p100;3.6;-0.3145370490206683;3.777611582005136;V;0.3145370490206683;-3.777611582005136;297.36586489989196;1
503;99;9.0;p100;3.6;0.1546214920711776;5.119420510469979;V;-0.1546214920711776;-5.119420510469979;347.64231411171926;1
504;99;10.0;p100;3.6;-0.3050694752672246;2.504100282289585;V;0.3050694752672246;-2.504100282289585;298.3804387577322;1
505;99;11.0;p100;3.6;0.14245857613949683;15.162300813588956;V;-0.14245857613949683;-15.162300813588956;346.3388992283757;1
506;99;12.0;p100;3.6;1.371645975762338;17.572886552236355;V;-1.371645975762338;-17.572886552236355;478.0623412126869;1
507;99;13.0;p100;3.6;-0.7350570133267635;-0.09556697908013234;V;0.7350570133267635;0.09556697908013234;252.30167278523564;1
508;99;14.0;p100;3.6;0.9067883020895071;18.09827682456455;V;-0.9067883020895071;-18.09827682456455;428.24678597042407;1
509;99;15.0;p100;3.6;0.06056908062045884;14.722740039973417;V;-0.06056908062045884;-14.722740039973417;337.563373042998;1
510;99;16.0;p100;3.6;0.03324979370590232;14.24540699677192;V;-0.03324979370590232;-14.24540699677192;334.63575557307723;1
511;99;17.0;p100;3.6;-0.05697338026324671;-6.703204201424285;V;0.05697338026324671;6.703204201424285;324.96716718239554;1
512;99;18.0;p100;3.6;-1.3033507343828008;8.98492671937737;Gr;1.3033507343828008;-8.98492671937737;191.40159764735003;0
513;100;14.0;m100;3.6333333333333333;-0.22445143122491318;-11.357425866256449;Gr;-0.22445143122491318;-11.357425866256449;256.51842875741517;0
514;100;15.0;m100;3.6333333333333333;-0.440099087199687;-11.536339958974452;V;-0.440099087199687;-11.536339958974452;245.3437410430944;1
515;100;16.0;m100;3.6333333333333333;-0.6393791268929696;-9.581037424889217;V;-0.6393791268929696;-9.581037424889217;235.01721001170506;1
516;100;17.0;m100;3.6333333333333333;;;V;;;;1
517;100;18.0;m100;3.6333333333333333;0.35082371553692154;-13.864188511400755;V;0.35082371553692154;-13.864188511400755;286.32872317408874;1
518;100;19.0;m100;3.6333333333333333;1.802299657253373;-10.567035274995362;V;1.802299657253373;-10.567035274995362;361.54303654194814;1
519;100;20.0;m100;3.6333333333333333;-0.4978339179072232;-10.99663291145501;V;-0.4978339179072232;-10.99663291145501;242.3519686517851;1
520;100;21.0;m100;3.6333333333333333;1.4470432354225518;-15.027290654047874;Gr;1.4470432354225518;-15.027290654047874;343.13393510969877;0
521;100;22.0;m100;3.6333333333333333;0.4457530985038605;-13.352814301053343;V;0.4457530985038605;-13.352814301053343;291.2478872835878;1
522;100;23.0;m100;3.6333333333333333;0.6956958642301354;0.015587401792288347;V;0.6956958642301354;0.015587401792288347;304.1997199423739;1
523;103;13.0;p100;3.666666667;1.0904383711993753;15.300798661828253;S;-1.0904383711993753;-15.300798661828253;417.6177747134027;0
524;103;14.0;p100;3.666666667;2.377535636314575;25.30616626067399;Gr;-2.377535636314575;-25.30616626067399;573.6229060855497;0
525;103;15.0;p100;3.666666667;0.08736555700423985;14.0039564621149;V;-0.08736555700423985;-14.0039564621149;296.0383802141568;1
526;103;16.0;p100;3.666666667;-0.22079091000770856;11.730028068325339;L;0.22079091000770856;-11.730028068325339;258.6876753200143;0
527;103;17.0;p100;3.666666667;2.0831185130159353;20.852278879565688;B;-2.0831185130159353;-20.852278879565688;537.9375051113639;1
528;103;18.0;p100;3.666666667;-0.38301181257441536;11.231825239889673;V;0.38301181257441536;-11.231825239889673;239.02537480695847;1
529;103;19.0;p100;3.666666667;-0.059678905738230446;12.810249480954838;V;0.059678905738230446;-12.810249480954838;278.2155696547445;1
530;103;20.0;p100;3.666666667;-0.41813145874622837;11.046263591867586;pB;0.41813145874622837;-11.046263591867586;234.7686296772214;1
531;103;21.0;p100;3.666666667;-0.428030619870985;11.43680272155649;V;0.428030619870985;-11.43680272155649;233.56878256884963;1
532;103;22.0;p100;3.666666667;;;Gr;;;;0
533;103;23.0;p100;3.666666667;0.06359964049122042;13.851817694363831;V;-0.06359964049122042;-13.851817694363831;293.1577860055589;1
534;103;24.0;p100;3.666666667;-0.3893178538009355;11.445444600008727;pB;0.3893178538009355;-11.445444600008727;238.26103879549675;1
535;103;25.0;p100;3.666666667;-0.4640030705548575;10.97423999113849;V;0.4640030705548575;-10.97423999113849;229.20867160690665;1
536;103;26.0;p100;3.666666667;-0.0978656543247509;11.779723308586426;V;0.0978656543247509;-11.779723308586426;273.5870704019067;1
537;101;11.0;neutre;6.3;0.38214306875793447;-0.9971308526896223;V;;;310.0648941861824;1
538;101;12.0;neutre;6.3;-0.7532820684979776;-0.1913560982944773;V;;;262.5731342321783;1
539;101;13.0;neutre;6.3;1.1737986232942257;1.1192531519064346;V;;;343.17770306159275;1
540;101;14.0;neutre;6.3;0.49547606375324954;0.24043124427583962;V;;;314.8053065802518;1
541;101;15.0;neutre;6.3;0.9154497223908568;-0.28884599765859775;V;;;332.37166787398337;1
542;101;16.0;neutre;6.3;-0.7848692452166014;-1.7963557619964376;V;;;261.25192813489997;1
543;109;9.0;neutre;6.066666667;0.6423137721383003;-2.539697408883569;R;;;427.2447315393494;0
544;109;10.0;neutre;6.066666667;1.4581640889587406;0.7448464790139724;V;;;521.680006012955;1
545;109;11.0;neutre;6.066666667;1.9323331029331052;0.2742310508308492;S;;;576.5654182734534;0
546;109;12.0;neutre;6.066666667;;;V;;;;1
547;109;13.0;neutre;6.066666667;-0.8277064738447953;0.12255616645768441;V;;;257.0888064277532;1
548;109;14.0;neutre;6.066666667;-1.3293675944299574;-0.13957269707768205;V;;;199.02116259839747;1
549;109;15.0;neutre;6.066666667;0.6728283046857851;0.2990107949519256;V;;;430.77681113427553;1
550;111;4.0;neutre;6.266666666666667;0.6344734112411649;-0.010158327450653815;V;;;296.50478052385813;1
551;111;5.0;neutre;6.266666666666667;0.9631742266919988;-1.1679324985842072;V;;;301.1201719546787;1
552;111;6.0;neutre;6.266666666666667;4.342999699654871;-0.1609145924393829;V;;;348.57736339543203;1
553;111;7.0;neutre;6.266666666666667;-0.9553886778473515;-0.002548611606925988;V;;;274.181027380437;1
554;111;8.0;neutre;6.266666666666667;2.3374265861054178;0.18527431886201384;V;;;320.41648113700376;1
555;111;9.0;neutre;6.266666666666667;-1.5981356516963297;-0.15583449018441797;V;;;265.1560151631121;1
556;111;10.0;neutre;6.266666666666667;-3.3866237144877362;-0.2545477821940665;V;;;240.0432923126662;1
557;111;11.0;neutre;6.266666666666667;12.106525896275986;-0.40094154986292097;pB;;;457.58747409957107;1
558;112;16.0;neutre;6.0;0.2918465808959072;0.40202402775486235;V;;;480.08327715009636;1
559;112;17.0;neutre;6.0;0.9526302158776051;1.1166259346110792;Gr;;;576.1692669359946;0
560;112;18.0;neutre;6.0;0.37778368324234346;1.2242253014766789;S;;;492.57957866415865;0
561;112;19.0;neutre;6.0;-1.2241319398007948;-0.02728783243048838;V;;;259.6415335234718;1
562;112;20.0;neutre;6.0;-0.7491657469866282;0.15164076657561054;V;;;328.70740370449266;1
563;112;21.0;neutre;6.0;0.3469536951268005;-0.48297360305400616;V;;;488.0965228402179;1
564;112;22.0;neutre;6.0;0.5240306430165639;-0.0436680214346552;V;;;513.845668105786;1
565;112;23.0;neutre;6.0;0.6179012907766334;0.1994613811623367;V;;;527.495603764558;1
566;112;24.0;neutre;6.0;-0.5172549711825274;0.20174400517902313;V;;;362.43005550074935;1
567;112;25.0;neutre;6.0;-1.421671826362132;-0.0011772989900862285;pB;;;230.91682770813202;1
568;112;26.0;neutre;6.0;-1.3553610511278207;-0.051727755375878814;V;;;240.55922218425357;1
569;112;27.0;neutre;6.0;-1.5025545378731298;-0.41269133236258426;V;;;219.15549619102092;1
570;112;28.0;neutre;6.0;-0.08935718495372667;-0.12926024406965553;pB;;;424.6516060058974;1
571;112;29.0;neutre;6.0;-0.044425415562565844;0.2837779073815341;V;;;431.1852326065335;1
572;114;7.0;neutre;6.266666666666667;-0.12453256199525907;-1.074634352567216;V;;;291.6854297007731;1
573;114;8.0;neutre;6.266666666666667;-0.4965465572257585;-0.1633214829455767;V;;;246.12318765205853;1
574;114;9.0;neutre;6.266666666666667;-0.6136095025987726;-0.10457835503831348;V;;;231.78595754673415;1
575;114;10.0;neutre;6.266666666666667;0.5278244908275326;-0.9452854878140329;Gr;;;371.5825580990794;0
576;114;11.0;neutre;6.266666666666667;-0.3174660763867854;-1.793950712437379;V;;;268.05598673702303;1
577;114;12.0;neutre;6.266666666666667;-0.5840890667746046;-0.08993980714149075;V;;;235.40145927421867;1
578;114;13.0;neutre;6.266666666666667;-0.10987751619033323;-1.176936585069825;V;;;293.48029965932216;1
579;114;14.0;neutre;6.266666666666667;-0.6123940260246152;-0.20638501154854794;V;;;231.93482247812466;1
580;114;15.0;neutre;6.266666666666667;-0.6386997046576084;-0.0051330728069842735;V;;;228.71304665114397;1
581;114;16.0;neutre;6.266666666666667;-0.5903068199066812;-0.32590968535305365;V;;;234.63994283442102;1
582;114;17.0;neutre;6.266666666666667;3.0473558003238645;-3.4816883534784893;Gr;;;680.1609902127947;0
583;114;18.0;neutre;6.266666666666667;-0.17542809036560328;-1.843120660793545;pB;;;285.45202339741604;1
584;114;19.0;neutre;6.266666666666667;0.026282577155018146;0.1520331733776743;pB;;;310.1564441321467;1
585;114;20.0;neutre;6.266666666666667;-0.564803734279574;-0.8022669053899563;V;;;237.76342145412025;1
586;114;21.0;neutre;6.266666666666667;-0.47464736737786145;-0.20122015517779346;V;;;248.80528080261976;1
587;115;11.0;neutre;6.1;0.057168754850178756;-0.12603688759514853;V;;;292.33201768682267;1
588;115;12.0;neutre;6.1;-0.09957511183636378;-0.18512846599344357;L;;;285.6104442065402;0
589;115;13.0;neutre;6.1;-0.11222422053850344;-0.7130954315644544;L;;;285.06801843002455;0
590;115;14.0;neutre;6.1;-0.018270725709149106;-0.1909290911198127;L;;;289.09698193956814;0
591;115;15.0;neutre;6.1;0.49128933538799074;-0.5678219429925093;V;;;310.94820626932824;1
592;115;16.0;neutre;6.1;0.7861647511017462;-0.4806819561501925;V;;;323.5932099696167;1
593;115;17.0;neutre;6.1;0.7549693717686917;-2.0726400747000184;L;;;322.255473196466;0
594;115;18.0;neutre;6.1;3.8400188654313197;2.688668525673677;V;;;454.5501989826453;1
595;115;19.0;neutre;6.1;0.8525771839132099;-1.0932774306390343;L;;;326.44114307591985;0
596;115;20.0;neutre;6.1;-2.1230437973066314;-1.1920012056055498;V;;;198.83898869792915;1
597;115;21.0;neutre;6.1;-0.3757872799613775;-0.07166725780814431;L;;;273.7657677707265;0
598;116;10.0;neutre;6.4;0.548803501748357;0.09660912125076493;pB;;;358.42342865973467;1
599;116;11.0;neutre;6.4;-0.9127672925478165;-0.9663442260898023;Gr;;;269.3115499751126;0
600;116;12.0;neutre;6.4;-0.18130093805814035;0.3120399030326553;B;;;313.90900724337695;1
601;116;13.0;neutre;6.4;0.3411674917726736;0.3432499318105897;B;;;345.7638742928029;1
602;116;14.0;neutre;6.4;-0.6219821555574998;0.6394493648393791;V;;;287.04070134560817;1
603;116;15.0;neutre;6.4;-0.6328612624558692;0.586103875328547;V;;;286.3774028876013;1
604;116;16.0;neutre;6.4;0.3130755022603214;0.4518182922383289;V;;;344.051107472883;1
605;116;17.0;neutre;6.4;-0.8665937752031384;-0.4825216240878376;B;;;272.1267464008476;1
606;116;18.0;neutre;6.4;1.6826225703187214;0.5122629035592468;V;;;427.55230540183476;1
607;116;19.0;neutre;6.4;-0.6698482065177481;-1.6068283401593249;V;;;284.12231125261536;1
608;116;20.0;neutre;6.4;-0.17196519784608813;6.640836417580886;S;;;314.4782067323474;0
609;117;10.0;neutre;6.6;-0.6136834922314339;0.2562129306301131;L;;;300.7179485359507;0
610;117;11.0;neutre;6.6;-0.030873239342577033;-0.004945975758687382;L;;;378.74672143832214;0
611;117;12.0;neutre;6.6;-0.7624996830421766;-0.05072736467639061;L;;;280.7938914360461;0
612;117;13.0;neutre;6.6;-0.24658715418322696;0.0693621797789774;L;;;349.866151836894;0
613;117;14.0;neutre;6.6;-0.7942717531468377;-0.08070359048747378;L;;;276.5401302323845;0
614;117;15.0;neutre;6.6;-0.7262463600289059;0.020676068531543024;L;;;285.64761920479606;0
615;117;16.0;neutre;6.6;-0.031972600437157335;-0.007939506404170515;Gr;;;378.5995349453572;0
616;118;9.0;m100;4.033333333333333;0.7344256536219769;-20.657605897031203;L;0.7344256536219769;-20.657605897031203;547.8328966966153;0
617;118;10.0;m100;4.033333333333333;0.5658977442217128;0.025083600829020725;L;0.5658977442217128;0.025083600829020725;517.0617148356421;0
618;118;11.0;m100;4.033333333333333;0.31607518635898785;-7.115099122023821;L;0.31607518635898785;-7.115099122023821;471.447101871391;0
619;118;12.0;m100;4.033333333333333;;;L;;;;0
620;118;13.0;m100;4.033333333333333;-0.2513005245897846;-9.869911166830889;L;-0.2513005245897846;-9.869911166830889;367.8510788314452;0
621;118;14.0;m100;4.033333333333333;-0.7361100482037113;-6.967578262567827;L;-0.7361100482037113;-6.967578262567827;279.3306546943108;0
622;118;15.0;m100;4.033333333333333;-0.7911480922356363;-10.09464332198064;pB;-0.7911480922356363;-10.09464332198064;269.2813657177517;1
623;118;16.0;m100;4.033333333333333;-0.6790395478124018;-7.7600611077348844;pB;-0.6790395478124018;-7.7600611077348844;289.75104590836673;1
624;118;17.0;m100;4.033333333333333;-0.7984035561427588;-12.25272246931533;pB;-0.7984035561427588;-12.25272246931533;267.95660473207107;1
625;118;18.0;m100;4.033333333333333;-1.0900353562710867;-9.87307215667704;pB;-1.0900353562710867;-9.87307215667704;214.70812387138278;1
626;118;19.0;m100;4.033333333333333;-0.9296852353051697;-0.18149942190032675;pB;-0.9296852353051697;-0.18149942190032675;243.9861393124475;1
627;118;20.0;m100;4.033333333333333;-1.105992144376905;-0.041729156566617576;V;-1.105992144376905;-0.041729156566617576;211.7946050929888;1
628;119;9.0;p100;3.9;-0.637682170729032;-4.342237079441134;L;0.637682170729032;4.342237079441134;295.82496521392454;0
629;119;10.0;p100;3.9;-2.2875569273093364;11.46534450291341;V;2.2875569273093364;-11.46534450291341;225.98256209627175;1
630;119;11.0;p100;3.9;-0.6418190346426792;13.913236823428747;L;0.6418190346426792;-13.913236823428747;295.6498437291285;0
631;119;12.0;p100;3.9;-0.45514483924515986;6.991759915511523;L;0.45514483924515986;-6.991759915511523;303.5521250111577;0
632;119;13.0;p100;3.9;-0.21289589876337284;12.960502824201967;L;0.21289589876337284;-12.960502824201967;313.80699319946905;0
633;119;14.0;p100;3.9;2.015493361845228;16.47147246886084;L;-2.015493361845228;-16.47147246886084;408.1390389633918;0
634;119;15.0;p100;3.9;-1.0499348688415102;12.998899742733784;L;1.0499348688415102;-12.998899742733784;278.3735077544563;0
635;119;16.0;p100;3.9;1.0976821426233605;15.943238117225292;V;-1.0976821426233605;-15.943238117225292;369.28630732231704;1
636;119;17.0;p100;3.9;-1.2576910041457479;12.593202076450666;pB;1.2576910041457479;-12.593202076450666;269.57878700719215;1
637;119;18.0;p100;3.9;-0.6351092754293439;12.524474362399587;V;0.6351092754293439;-12.524474362399587;295.9338808694818;1
638;119;19.0;p100;3.9;-0.07625117708905707;14.908111878101806;L;0.07625117708905707;-14.908111878101806;319.59142968291343;0
639;119;20.0;p100;3.9;2.2300060579376844;17.01326798120141;L;-2.2300060579376844;-17.01326798120141;417.2197780525801;0
640;119;21.0;p100;3.9;-0.9579797742435591;12.875788757105965;L;0.9579797742435591;-12.875788757105965;282.26614551984864;0
641;120;14.0;m100;3.5666666666666664;1.6350502475383641;-5.122892654960879;V;1.6350502475383641;-5.122892654960879;376.95190427674976;1
642;120;15.0;m100;3.5666666666666664;0.9966609248939797;-4.737928587465092;pB;0.9966609248939797;-4.737928587465092;336.45217855232613;1
643;120;16.0;m100;3.5666666666666664;-0.7250374009812607;-0.2631621759704217;V;-0.7250374009812607;-0.2631621759704217;227.2268085393806;1
644;120;17.0;m100;3.5666666666666664;0.5087458376566127;-13.153280036819524;V;0.5087458376566127;-13.153280036819524;305.49861070744356;1
645;120;18.0;m100;3.5666666666666664;0.8559993743345218;-14.897966828000563;V;0.8559993743345218;-14.897966828000563;327.528542119886;1
646;120;19.0;m100;3.5666666666666664;-0.49204217829872154;-11.754031125579758;V;-0.49204217829872154;-11.754031125579758;242.00813754823108;1
647;120;20.0;m100;3.5666666666666664;-0.4731141322675123;-10.727068280676804;pB;-0.4731141322675123;-10.727068280676804;243.2089418937484;1
648;120;21.0;m100;3.5666666666666664;-0.318751947874231;-11.445374621064474;pB;-0.318751947874231;-11.445374621064474;253.00175312726785;1
649;120;22.0;m100;3.5666666666666664;0.15250357234361578;-12.57055259640589;V;0.15250357234361578;-12.57055259640589;282.8984300263818;1
650;120;23.0;m100;3.5666666666666664;1.5750601097127783;-15.047991710371889;pB;1.5750601097127783;-15.047991710371889;373.1461010749628;1
651;120;24.0;m100;3.5666666666666664;1.284607927672424;-14.257667813392061;V;1.284607927672424;-14.257667813392061;354.719674924901;1
652;120;25.0;m100;3.5666666666666664;0.3282392540249674;-14.529002267228748;pB;0.3282392540249674;-14.529002267228748;294.0471862095331;1
653;120;26.0;m100;3.5666666666666664;-0.07970861753215921;-12.629400245262502;V;-0.07970861753215921;-12.629400245262502;268.16677699546875;1
654;121;9.0;neutre;6.433333333333334;0.034408691405432054;-0.0799298886713018;V;;;297.5506735130152;1
655;121;10.0;neutre;6.433333333333334;-0.49620646406444935;0.009867063911144669;V;;;257.36465700040475;1
656;121;11.0;neutre;6.433333333333334;-0.08657491797459671;-0.3348796188494134;V;;;288.38800773880513;1
657;121;12.0;neutre;6.433333333333334;0.11859122420236756;-0.2790606425628539;V;;;303.92621823347326;1
658;121;13.0;neutre;6.433333333333334;1.1520494278382258;-0.07414561912594309;V;;;382.1949371124626;1
659;121;14.0;neutre;6.433333333333334;0.499688286597378;0.029939463853168036;V;;;332.78851642537353;1
660;122;8.0;neutre;6.066666666666666;-1.447340251285926;0.2056734984062416;V;;;232.31861169215128;1
661;122;9.0;neutre;6.066666666666666;-0.18290795019134456;-0.4883082087915227;V;;;430.41451580961376;1
662;122;10.0;neutre;6.066666666666666;-1.3631331087665173;-0.023889304951097756;R;;;245.51116459995816;0
663;123;10.0;neutre;6.333333333333333;1.1076839452942124;0.02745676761719551;V;;;405.58911093922853;1
664;123;11.0;neutre;6.333333333333333;4.206929058238538;0.07443447938362624;S;;;560.7673203248937;0
665;123;12.0;neutre;6.333333333333333;5.54736367577734;0.6631839931784498;S;;;627.8824519675863;0
666;123;13.0;neutre;6.333333333333333;0.11378186943719817;-0.04742749757440379;Gr;;;355.8247525824077;0
667;123;14.0;neutre;6.333333333333333;2.65553965091496;-0.2674209667707146;Gr;;;483.08974997626996;0
668;123;15.0;neutre;6.333333333333333;-0.44329662537257564;-0.7273074501158021;V;;;327.9320109109634;1
669;123;16.0;neutre;6.333333333333333;-0.10774461418432345;-0.20498274992542065;V;;;344.7329925546786;1
670;123;17.0;neutre;6.333333333333333;-0.29527530798864854;-0.11789500906814965;V;;;335.343390826224;1
671;123;18.0;neutre;6.333333333333333;-1.0020642612401809;-0.03204745391678898;Gr;;;299.9546944881839;0
672;123;19.0;neutre;6.333333333333333;0.3045711640787036;0.6839322897336615;V;;;365.3775114102813;1
673;125;5.0;p100;4.333333333333333;-0.7898380810309663;13.043406192214832;pB;0.7898380810309663;-13.043406192214832;316.09859157039216;1
674;125;6.0;p100;4.333333333333333;-0.06317550600199573;15.130717391140934;V;0.06317550600199573;-15.130717391140934;345.83394705098556;1
675;125;7.0;p100;4.333333333333333;-2.2185124824685776;11.199552175300767;pB;2.2185124824685776;-11.199552175300767;257.6366001969164;1
676;125;8.0;p100;4.333333333333333;-2.380110536324596;-0.19135219207055343;pB;2.380110536324596;0.19135219207055343;251.02393602305384;1
677;125;9.0;p100;4.333333333333333;-2.1013975793718793;-0.13122268455623498;pB;2.1013975793718793;0.13122268455623498;262.4289940745242;1
678;125;10.0;p100;4.333333333333333;-1.5761500324057163;8.238087282537663;V;1.5761500324057163;-8.238087282537663;283.92235710306034;1
679;125;11.0;p100;4.333333333333333;-1.6403629303083898;12.538059357012173;pB;1.6403629303083898;-12.538059357012173;281.29473678630063;1
680;125;12.0;p100;4.333333333333333;-2.2561776614660025;11.119622459730124;pB;2.2561776614660025;-11.119622459730124;256.09532433489204;1
681;127;12.0;m100;4.2;-0.7066300412767045;0.06464784905301713;V;-0.7066300412767045;0.06464784905301713;310.2390288272007;1
682;127;13.0;m100;4.2;-0.7448325716019538;-0.4585287757686274;V;-0.7448325716019538;-0.4585287757686274;306.59725606113057;1
683;127;14.0;m100;4.2;2.0579240400920678;-21.462434071259622;V;2.0579240400920678;-21.462434071259622;573.7785817871943;1
684;127;15.0;m100;4.2;-1.0517370625160587;-11.539959054700319;V;-1.0517370625160587;-11.539959054700319;277.34064904374424;1
685;127;16.0;m100;4.2;1.0117958429225737;-17.566262905076428;S;1.0117958429225737;-17.566262905076428;474.0532194660524;0
686;127;17.0;m100;4.2;-0.9080652767918533;-0.7084570403653743;V;-0.9080652767918533;-0.7084570403653743;291.0366003864557;1
687;127;18.0;m100;4.2;-0.8549666964091202;-13.098451453383063;V;-0.8549666964091202;-13.098451453383063;296.098384574793;1
688;127;19.0;m100;4.2;-1.0506705021354363;-12.300532096751454;pB;-1.0506705021354363;-12.300532096751454;277.4423221662953;1
689;127;20.0;m100;4.2;-1.1024089160872483;-12.057521200705082;V;-1.1024089160872483;-12.057521200705082;272.51019999309887;1
690;127;21.0;m100;4.2;-0.3104752633141556;-8.815453627544628;V;-0.3104752633141556;-8.815453627544628;348.00369177621576;1
691;127;22.0;m100;4.2;2.4071702751136788;-19.8307077776102;V;2.4071702751136788;-19.8307077776102;607.0715447539328;1
692;127;23.0;m100;4.2;-1.1118375579693622;-12.05573934620304;V;-1.1118375579693622;-12.05573934620304;271.61138593719807;1
693;127;24.0;m100;4.2;-1.2541104481704244;-11.129864373100872;V;-1.2541104481704244;-11.129864373100872;258.048788578513;1
694;127;25.0;m100;4.2;1.399387131366924;-23.126567376729497;V;1.399387131366924;-23.126567376729497;511.0015416479929;1
695;127;26.0;m100;4.2;-1.1107752430090683;-11.846299285922782;V;-1.1107752430090683;-11.846299285922782;271.7126543521028;1
696;129;6.0;p100;3.7333333333333334;-1.1639726679057663;7.48631826329526;V;1.1639726679057663;-7.48631826329526;241.82026937676343;1
697;129;7.0;p100;3.7333333333333334;-0.8251521424443232;0.32508100261685513;V;0.8251521424443232;-0.32508100261685513;260.22403148841397;1
698;129;8.0;p100;3.7333333333333334;-0.05514772802133594;13.95507159947556;V;0.05514772802133594;-13.95507159947556;302.0484695110569;1
699;129;9.0;p100;3.7333333333333334;-0.23072426342080046;12.898321322923493;V;0.23072426342080046;-12.898321322923493;292.51165415585126;1
700;129;10.0;p100;3.7333333333333334;-0.13194963008444627;13.717669872992133;V;0.13194963008444627;-13.717669872992133;297.87680980016194;1
701;129;11.0;p100;3.7333333333333334;0.030476915623092328;14.556141634930668;V;-0.030476915623092328;-14.556141634930668;306.69935531669336;1
702;129;12.0;p100;3.7333333333333334;-0.5530654924030688;11.487287796966086;V;0.5530654924030688;-11.487287796966086;275.0030003076598;1
703;129;13.0;p100;3.7333333333333334;-0.2825565248483198;7.971068594875419;V;0.2825565248483198;-7.971068594875419;289.69627392550126;1
704;129;14.0;p100;3.7333333333333334;-0.7076786830515861;12.095957438147536;V;0.7076786830515861;-12.095957438147536;266.6048538962424;1
705;129;15.0;p100;3.7333333333333334;0.4108008967326909;14.054184724498782;V;-0.4108008967326909;-14.054184724498782;327.3574664631901;1
706;129;16.0;p100;3.7333333333333334;0.2872392569549076;15.375222585110862;V;-0.2872392569549076;-15.375222585110862;320.6459515055328;1
707;130;15.0;p100;3.7666666666666666;-0.9435546036765445;11.882901237299194;R;0.9435546036765445;-11.882901237299194;232.00579518714508;0
708;130;16.0;p100;3.7666666666666666;-1.269837027981468;11.17188853985121;R;1.269837027981468;-11.17188853985121;222.07457428417482;0
709;130;17.0;p100;3.7666666666666666;-1.9440625829895637;-0.22810182639958043;V;1.9440625829895637;0.22810182639958043;201.55283475291654;1
710;130;18.0;p100;3.7666666666666666;-0.8498603632033597;11.14333614209562;V;0.8498603632033597;-11.14333614209562;234.85761352047226;1
711;130;19.0;p100;3.7666666666666666;-0.2354737733778742;11.996200216167892;R;0.2354737733778742;-11.996200216167892;253.55800461992447;0
712;130;20.0;p100;3.7666666666666666;-1.1888056459714045;10.503779572000099;V;1.1888056459714045;-10.503779572000099;224.54096687804267;1
713;130;21.0;p100;3.7666666666666666;-0.8173744460418169;10.96292664078726;R;0.8173744460418169;-10.96292664078726;235.84640358556436;0
714;130;22.0;p100;3.7666666666666666;-0.6551913938672167;5.490750739795942;V;0.6551913938672167;-5.490750739795942;240.78285004385924;1
715;130;23.0;p100;3.7666666666666666;-0.5493686654942757;11.354221091300417;R;0.5493686654942757;-11.354221091300417;244.0038292132568;0
716;130;24.0;p100;3.7666666666666666;0.29815761941521907;8.462918618546269;R;-0.29815761941521907;-8.462918618546269;269.8004095054393;0
717;130;25.0;p100;3.7666666666666666;0.7316423277124127;5.794504600068365;R;-0.7316423277124127;-5.794504600068365;282.994599800335;0
718;131;5.0;neutre;6.1;-0.034415914827433954;-0.9853403280002908;V;;;304.48051330454894;1
719;131;6.0;neutre;6.1;-0.5839134903120234;-0.11708489557514667;V;;;273.5920076061581;1
720;131;7.0;neutre;6.1;-0.8275201404154772;-0.16457374663519886;V;;;259.8983249848097;1
721;131;8.0;neutre;6.1;-0.7156241914522693;-0.6891593687092268;Gr;;;266.18825020263955;0
722;131;9.0;neutre;6.1;-0.9456467820530584;-1.9223246069208528;Gr;;;253.2581583923794;0
723;131;10.0;neutre;6.1;-0.2894799301977208;-0.7594356172256767;V;;;290.142786181237;1
724;131;11.0;neutre;6.1;-0.9224001847019132;2.8587157831019;Gr;;;254.56490238322561;0
725;131;12.0;neutre;6.1;-0.6035045453195207;1.865691773485139;V;;;272.49074994600755;1
726;131;13.0;neutre;6.1;-0.7774349867876474;0.0165796163476557;V;;;262.71372512897534;1
727;133;18.0;m100;4.2;-0.053366047784772185;-14.45788467089642;L;-0.053366047784772185;-14.45788467089642;331.3558963226679;0
728;133;19.0;m100;4.2;0.599956594589614;-17.137212866456878;L;0.599956594589614;-17.137212866456878;384.9750161032813;0
729;133;20.0;m100;4.2;-1.1063298335047789;-10.90798237290187;V;-1.1063298335047789;-10.90798237290187;244.93765870277014;1
730;133;21.0;m100;4.2;0.4559047593771858;-15.143561119745982;V;0.4559047593771858;-15.143561119745982;373.15247681579984;1
731;133;22.0;m100;4.2;-0.3599216922011362;-13.877199166794696;L;-0.3599216922011362;-13.877199166794696;306.19643796125877;0
732;133;23.0;m100;4.2;-0.9875076373237612;-11.371956439548256;V;-0.9875076373237612;-11.371956439548256;254.68956558061956;1
733;133;24.0;m100;4.2;0.28104749346893526;-14.9165808958968;L;0.28104749346893526;-14.9165808958968;358.8016919552434;0
734;133;25.0;m100;4.2;1.3738671843709;-16.38776162398932;V;1.3738671843709;-16.38776162398932;448.4909604797942;1
735;133;26.0;m100;4.2;-1.101959055467914;-10.751278629272747;V;-1.101959055467914;-10.751278629272747;245.29637468151137;1
736;133;27.0;m100;4.2;-1.03207285265767;-11.37922905987105;V;-1.03207285265767;-11.37922905987105;251.0320348843723;1
737;133;28.0;m100;4.2;-0.23034760480005323;-11.871332853580896;L;-0.23034760480005323;-11.871332853580896;316.83076786535077;0
738;133;29.0;m100;4.2;2.7557412365722533;-16.57411155049124;V;2.7557412365722533;-16.57411155049124;561.9033321334402;1
739;133;30.0;m100;4.2;0.3467974831284371;-15.009425916331054;L;0.3467974831284371;-15.009425916331054;364.19788725365567;0
740;133;31.0;m100;4.2;0.20950917354182633;-15.048617187090258;pB;0.20950917354182633;-15.048617187090258;352.9304401475074;1
741;133;32.0;m100;4.2;0.09676252214416185;-14.562565397417245;L;0.09676252214416185;-14.562565397417245;343.67716188336584;0
742;133;33.0;m100;4.2;0.7551443355816502;-16.383378109795615;L;0.7551443355816502;-16.383378109795615;397.7114950388551;0
743;133;34.0;m100;4.2;1.1307251408970556;-15.712929430577617;V;1.1307251408970556;-15.712929430577617;428.5359466670993;1
744;133;35.0;m100;4.2;-0.6968393770559647;-10.643265328237078;V;-0.6968393770559647;-10.643265328237078;278.5451236967124;1
745;133;36.0;m100;4.2;-0.5487750370090221;-14.159352517355842;V;-0.5487750370090221;-14.159352517355842;290.6969749709332;1
746;133;37.0;m100;4.2;0.007650158918509525;-14.049069503881356;pB;0.007650158918509525;-14.049069503881356;336.3635833115831;1
747;134;7.0;m100;3.6333333333333333;2.265306206876269;-15.423639290249184;V;2.265306206876269;-15.423639290249184;404.43238050402715;1
748;134;8.0;m100;3.6333333333333333;6.647132311031828;-21.12208052052108;V;6.647132311031828;-21.12208052052108;561.735125874825;1
749;134;9.0;m100;3.6333333333333333;1.931982751665229;-7.0076591448353724;V;1.931982751665229;-7.0076591448353724;392.4664344909137;1
750;134;10.0;m100;3.6333333333333333;2.7563291881432015;-17.632364863589203;V;2.7563291881432015;-17.632364863589203;422.0595663296334;1
751;134;11.0;m100;3.6333333333333333;-0.4864467146109655;-0.6706873022573632;V;-0.4864467146109655;-0.6706873022573632;305.64747237598687;1
752;134;12.0;m100;3.6333333333333333;0.2982874687017013;-13.745063668094815;V;0.2982874687017013;-13.745063668094815;333.818567825057;1
753;134;13.0;m100;3.6333333333333333;1.0277643816408433;0.5909099385614809;V;1.0277643816408433;0.5909099385614809;360.0059879467999;1
754;134;14.0;m100;3.6333333333333333;-0.038617729796024534;-13.737541073233217;pB;-0.038617729796024534;-13.737541073233217;321.7240411611334;1
755;134;15.0;m100;3.6333333333333333;1.7242345579542486;3.3596971530573683;V;1.7242345579542486;3.3596971530573683;385.0085024690177;1
756;134;16.0;m100;3.6333333333333333;6.342855386333608;-21.213428862574915;V;6.342855386333608;-21.213428862574915;550.8119184105623;1
757;148;11.0;p100;3.6;-0.38107567473214315;-0.13735337284509797;V;0.38107567473214315;0.13735337284509797;280.25909600673214;1
758;148;12.0;p100;3.6;-0.8887229345107285;10.374903161587184;V;0.8887229345107285;-10.374903161587184;220.1171019431116;1
759;148;13.0;p100;3.6;-0.23798103080095018;13.314910157873044;V;0.23798103080095018;-13.314910157873044;297.21180689026824;1
760;148;14.0;p100;3.6;-0.26474257735644946;12.988434754921911;V;0.26474257735644946;-12.988434754921911;294.0413125301172;1
761;148;15.0;p100;3.6;-0.5045418694886236;12.28243692934052;V;0.5045418694886236;-12.28243692934052;265.63180705940135;1
762;148;16.0;p100;3.6;1.291692514837146;-0.18088052345183314;V;-1.291692514837146;0.18088052345183314;478.43531500330187;1
763;148;17.0;p100;3.6;-0.4098957641516662;12.875768195511057;V;0.4098957641516662;-12.875768195511057;276.84472192434674;1
764;148;18.0;p100;3.6;-0.8056563714599464;1.0585589913392823;pB;0.8056563714599464;-1.0585589913392823;229.9581650940571;1
765;148;19.0;p100;3.6;2.201248961963198;26.18587254031047;Gr;-2.201248961963198;-26.18587254031047;586.1923005673366;0
766;148;20.0;p100;3.6;-0.5518938973690535;11.717444970622012;Gr;0.5518938973690535;-11.717444970622012;260.0219168751673;0
767;148;21.0;p100;3.6;1.3393734313908312;1.1174545348820857;Gr;-1.3393734313908312;-1.1174545348820857;484.084169291554;0
768;148;22.0;p100;3.6;0.9727924849301884;-16.09674195822555;Gr;-0.9727924849301884;16.09674195822555;440.6545856954792;0
769;148;23.0;p100;3.6;-0.4844280261465931;12.84343073041822;V;0.4844280261465931;-12.84343073041822;268.01473462095385;1
770;148;24.0;p100;3.6;1.37897587366379;-0.2961413496869909;V;-1.37897587366379;0.2961413496869909;488.775950449053;1
771;148;25.0;p100;3.6;0.2875476314866376;1.193411765919734;V;-0.2875476314866376;-1.193411765919734;359.4722467503158;1
772;148;26.0;p100;3.6;-0.30524141434214414;0.023396780486791613;V;0.30524141434214414;-0.023396780486791613;289.24333368425573;1
773;148;27.0;p100;3.6;-0.3960770100922039;0.12002526102293132;V;0.3960770100922039;-0.12002526102293132;278.4818575704119;1
774;148;28.0;p100;3.6;-0.5027792685206266;-0.20261182413923962;V;0.5027792685206266;0.20261182413923962;265.84062594872233;1
775;148;29.0;p100;3.6;-0.6386744841782512;0.43804446633689054;V;0.6386744841782512;-0.43804446633689054;249.74084584369425;1
776;148;30.0;p100;3.6;0.7476792201424898;0.16867872611805979;V;-0.7476792201424898;-0.16867872611805979;413.98496348495246;1
777;148;31.0;p100;3.6;0.7426814269257913;-0.8680191381661757;nan;-0.7426814269257913;0.8680191381661757;413.39286484917733;0
778;148;32.0;p100;3.6;-0.19219338691721324;13.340750479199414;pB;0.19219338691721324;-13.340750479199414;302.6363613492915;1
779;148;33.0;p100;3.6;;;V;;;;1
780;104;15.0;p100;4.0;0.9906325760317058;16.368018748249597;L;-0.9906325760317058;-16.368018748249597;468.7718962146562;0
781;104;16.0;p100;4.0;-0.35233422618296295;15.105257478747774;L;0.35233422618296295;-15.105257478747774;332.6607141316165;0
782;104;17.0;p100;4.0;-0.8424809541520433;8.837919026096188;L;0.8424809541520433;-8.837919026096188;282.9837970045604;0
783;104;18.0;p100;4.0;-0.3083293847250253;0.7812935079873;L;0.3083293847250253;-0.7812935079873;337.1206538548765;0
784;104;19.0;p100;4.0;1.8791599469808897;20.24142949944894;S;-1.8791599469808897;-20.24142949944894;558.8251354857914;0
785;104;20.0;p100;4.0;0.2783007323834306;17.52397339005796;L;-0.2783007323834306;-17.52397339005796;396.57626999778444;0
786;104;21.0;p100;4.0;0.8258975515712367;18.03120264265567;S;-0.8258975515712367;-18.03120264265567;452.0758178955074;0
787;104;22.0;p100;4.0;0.9561147654262663;7.502600472498614;S;-0.9561147654262663;-7.502600472498614;465.2734776411836;0
788;104;23.0;p100;4.0;1.2534424538705795;18.757424359315053;S;-1.2534424538705795;-18.757424359315053;495.4079702239007;0
789;104;24.0;p100;4.0;-0.9187115332340854;12.686603241317414;pB;0.9187115332340854;-12.686603241317414;275.25774285890265;1
790;104;25.0;p100;4.0;-0.017591077663025326;15.13482649343132;S;0.017591077663025326;-15.13482649343132;366.58730529091474;0
791;104;26.0;p100;4.0;-0.9732910068542688;12.617724313889767;L;0.9732910068542688;-12.617724313889767;269.72605238102756;0
792;104;27.0;p100;4.0;0.14143528780920084;14.582863742502298;L;-0.14143528780920084;-14.582863742502298;382.70480465955086;0
793;104;28.0;p100;4.0;2.4930570158683993;22.01520548162091;S;-2.4930570158683993;-22.01520548162091;621.0442875793483;0
794;104;29.0;p100;4.0;2.1534836267456114;21.852337839751613;S;-2.1534836267456114;-21.852337839751613;586.6281461518563;0
795;104;30.0;p100;4.0;0.8243516735946793;13.075998113017931;L;-0.8243516735946793;-13.075998113017931;451.91914143976896;0
796;104;31.0;p100;4.0;0.2142476470833923;16.326217720191096;V;-0.2142476470833923;-16.326217720191096;390.0844184182244;1
797;104;32.0;p100;4.0;2.1402706762335773;21.02717340237723;S;-2.1402706762335773;-21.02717340237723;585.2889988921982;0
798;104;33.0;p100;4.0;0.16130189405740097;15.883182331553485;S;-0.16130189405740097;-15.883182331553485;384.7183073432818;0
799;104;34.0;p100;4.0;-0.0945551685787441;0.7438705953372278;L;0.0945551685787441;-0.7438705953372278;358.78690890344654;0
800;104;35.0;p100;4.0;-0.260588645300637;0.2919731259954119;pB;0.260588645300637;-0.2919731259954119;341.9592310005334;1
801;110;11.0;m100;3.7333333333333334;-0.8533306541630836;-11.090883518856884;V;-0.8533306541630836;-11.090883518856884;252.1375150088554;1
802;110;12.0;m100;3.7333333333333334;-0.5386500293237451;-11.839101380402212;V;-0.5386500293237451;-11.839101380402212;268.308869477646;1
803;110;13.0;m100;3.7333333333333334;1.194893329012633;-15.638181718494081;V;1.194893329012633;-15.638181718494081;357.39520629608853;1
804;110;14.0;m100;3.7333333333333334;-0.0821367220953783;-12.649140395937195;V;-0.0821367220953783;-12.649140395937195;291.76896815604084;1
805;110;15.0;m100;3.7333333333333334;-1.000684179197511;-11.082849975980224;V;-1.000684179197511;-11.082849975980224;244.5650561491015;1
806;110;16.0;m100;3.7333333333333334;4.409857649496672;-18.207923452981447;L;4.409857649496672;-18.207923452981447;522.6113763656815;0
807;110;17.0;m100;3.7333333333333334;5.199294250631855;-9.853473546094506;S;5.199294250631855;-9.853473546094506;563.1803154737444;0
808;110;18.0;m100;3.7333333333333334;-0.4211440232115729;-12.171526101501968;V;-0.4211440232115729;-12.171526101501968;274.34747219753694;1
809;110;19.0;m100;3.7333333333333334;1.6938019696490423;-4.335135294718327;pB;1.6938019696490423;-4.335135294718327;383.0339899974779;1
810;110;20.0;m100;3.7333333333333334;2.20524729400336;-16.231926537222762;pB;2.20524729400336;-16.231926537222762;409.3170305747677;1
811;110;21.0;m100;3.7333333333333334;2.7238290033607067;-5.6539744729374775;V;2.7238290033607067;-5.6539744729374775;435.9668080986639;1
812;110;22.0;m100;3.7333333333333334;-0.3541354853611205;-0.4314974560849123;V;-0.3541354853611205;-0.4314974560849123;277.79102331724215;1
813;110;23.0;m100;3.7333333333333334;0.522581354046249;-10.769039225297433;V;0.522581354046249;-10.769039225297433;322.84527089302736;1
814;110;24.0;m100;3.7333333333333334;0.9875165755983201;-14.520619260455817;V;0.9875165755983201;-14.520619260455817;346.73816953139413;1
815;149;8.0;neutre;3.6666666666666665;-0.6918437990347436;0.058683577554916155;V;;;246.97472027120136;1
816;149;9.0;neutre;3.6666666666666665;1.2896511961372117;0.6837918222302051;V;;;342.11126653164393;1
817;149;10.0;neutre;3.6666666666666665;0.35161928881641624;0.05613513425612382;V;;;297.07400115270633;1
818;149;11.0;neutre;3.6666666666666665;-0.4561025725284103;0.22909047964662932;Gr;;;258.29324802709255;0
819;149;12.0;neutre;3.6666666666666665;-0.03181371451854381;-0.3306901881400677;Gr;;;278.6644206347443;0
820;150;14.0;neutre;3.8333333333333335;-0.2813880957443138;-0.3806590017273379;V;;;280.7700622862469;1
821;150;15.0;neutre;3.8333333333333335;0.026898529920549294;2.655192278617335;V;;;313.9855395146157;1
822;150;16.0;neutre;3.8333333333333335;-0.2984457630758351;-0.9176998455571947;V;;;278.93223179458244;1
823;150;17.0;neutre;3.8333333333333335;;;L;;;;0
824;150;18.0;neutre;3.8333333333333335;1.839942182108256;-7.932192739334994;L;;;509.32683923335685;0
825;150;19.0;neutre;3.8333333333333335;;;L;;;;0
826;150;20.0;neutre;3.8333333333333335;;;L;;;;0
827;150;21.0;neutre;3.8333333333333335;-0.36621071579446085;-0.2685051914120322;V;;;271.6310871566899;1
828;150;22.0;neutre;3.8333333333333335;-0.18864929230150077;-0.8297548956422247;V;;;290.7619443774589;1
829;150;23.0;neutre;3.8333333333333335;1.771764200118583;3.700806460289243;S;;;501.98119391588557;0
830;150;24.0;neutre;3.8333333333333335;;;L;;;;0
831;150;25.0;neutre;3.8333333333333335;-0.4490046250813065;-0.885151805692999;V;;;262.7106897744356;1
832;150;26.0;neutre;3.8333333333333335;;;V;;;;1
833;150;27.0;neutre;3.8333333333333335;-0.44423142373427954;-0.202903690621838;V;;;263.22496495684635;1
834;150;28.0;neutre;3.8333333333333335;-0.2527573322766721;3.244369537409227;V;;;283.8548035394211;1
835;150;29.0;neutre;3.8333333333333335;-0.429342220235682;2.5523331844365202;L;;;264.82916039896014;0
836;150;30.0;neutre;3.8333333333333335;0.9057945052227132;19.867459543413588;L;;;408.6797196166404;0
837;150;31.0;neutre;3.8333333333333335;-0.4542870685826409;-2.5230929783484157;L;;;262.1415477253755;0
838;155;11.0;neutre;3.6666666666666665;2.3535631253735487;-4.689734231722923;R;;;661.6450631097202;0
839;155;12.0;neutre;3.6666666666666665;-0.7476140610973198;0.08651651416522554;V;;;264.3140087558933;1
840;155;13.0;neutre;3.6666666666666665;-0.6824291797318202;0.438765115578974;pB;;;272.6656688138461;1
841;155;14.0;neutre;3.6666666666666665;-0.7477548762987885;-1.5640586725912158;Gr;;;264.29596713843506;0
842;155;15.0;neutre;3.6666666666666665;-0.32457773406778784;-4.527739065055755;pB;;;318.51454608149356;1
843;155;16.0;neutre;3.6666666666666665;-0.9521774475247528;0.32390207002404736;Gr;;;238.10480459755337;0
844;155;17.0;neutre;3.6666666666666665;-0.8715774793434194;-0.4385178784044399;Gr;;;248.43148650340677;0
845;155;18.0;neutre;3.6666666666666665;-0.23360330771795204;0.49241143201135174;V;;;330.1704311107363;1
846;155;19.0;neutre;3.6666666666666665;;;Gr;;;;0
847;155;20.0;neutre;3.6666666666666665;;;Gr;;;;0
848;155;21.0;neutre;3.6666666666666665;0.21595993059438587;-0.9489219736878454;L;;;387.7696667353983;0
849;155;22.0;neutre;3.6666666666666665;-0.22467108813437778;0.010046837350273563;V;;;331.3148507976682;1
850;156;10.0;neutre;3.9333333333333336;-0.7953593932989438;0.6248189316119124;L;;;260.9653286740898;0
851;156;11.0;neutre;3.9333333333333336;-1.0321209466380314;-0.201723665050082;L;;;246.18244595106742;0
852;156;12.0;neutre;3.9333333333333336;-0.47442671742620923;-0.7371812431960052;L;;;281.00367545169195;0
853;156;13.0;neutre;3.9333333333333336;-1.4445245626903374;-1.038374487652817;L;;;220.4328501882781;0
854;156;14.0;neutre;3.9333333333333336;-0.9509634115188135;-0.0872285409515996;L;;;251.24974808199536;0
855;156;15.0;neutre;3.9333333333333336;;;L;;;;0
856;156;16.0;neutre;3.9333333333333336;1.5755237791266412;-0.1434534372882581;V;;;408.99818026532154;1
857;156;17.0;neutre;3.9333333333333336;0.13344227674927683;-0.2620050420357529;V;;;318.9577094792861;1
858;156;18.0;neutre;3.9333333333333336;-0.00019524311135209906;0.2668877779613581;pB;;;310.6136698510873;1
859;156;19.0;neutre;3.9333333333333336;-0.7021837847287437;-0.04968710585330882;pB;;;266.7830134912138;1
860;159;13.0;neutre;3.466666666666667;-0.2121135434452005;-0.06498709466222863;pB;;;263.9944838171932;1
861;159;14.0;neutre;3.466666666666667;-0.02620466371710978;-0.03788862204510224;V;;;285.186565920077;1
862;159;15.0;neutre;3.466666666666667;3.056411309784993;-13.965349225629438;Gr;;;636.5794143825309;0
863;159;16.0;neutre;3.466666666666667;1.0324287376241121;0.6226877841504574;V;;;405.8620602315433;1
864;159;17.0;neutre;3.466666666666667;0.17459065862537826;0.6294824348218526;V;;;308.07557995308474;1
865;159;18.0;neutre;3.466666666666667;-0.5152163061661452;1.1449894662737279;Gr;;;229.44326365714514;0
866;159;19.0;neutre;3.466666666666667;-0.543924252949295;-0.5550113425841516;B;;;226.17079401436345;1
867;159;20.0;neutre;3.466666666666667;1.647731595118611;-0.8997957626572202;pB;;;476.00152152695847;1
868;159;21.0;neutre;3.466666666666667;0.08610766908800559;-0.19083104481188684;V;;;297.98924743509434;1
869;159;22.0;neutre;3.466666666666667;;;Gr;;;;0
870;159;23.0;neutre;3.466666666666667;3.5849328446298547;-2.6561926136469083;V;;;696.8265191790108;1
871;159;24.0;neutre;3.466666666666667;;;V;;;;1
872;159;25.0;neutre;3.466666666666667;3.517597339443327;1.6218343301530922;V;;;689.1508258154709;1
873;159;26.0;neutre;3.466666666666667;0.7495604007097971;-0.9548937814465717;V;;;373.6173980671433;1
874;160;22.0;neutre;3.8333333333333335;-1.0512176115435257;0.12107542345694355;Gr;;;279.8924724648319;0
875;160;23.0;neutre;3.8333333333333335;-0.50391395889722;0.23559549583040962;Gr;;;319.1506271318374;0
876;160;24.0;neutre;3.8333333333333335;-1.0613743440930008;-0.27288992940418666;Gr;;;279.1639288576209;0
877;160;25.0;neutre;3.8333333333333335;-0.9276973641667458;1.7503733045638228;Gr;;;288.75259417711686;0
878;160;26.0;neutre;3.8333333333333335;-1.0300546137983484;0.16496242944697315;Gr;;;281.4104967547859;0
879;160;27.0;neutre;3.8333333333333335;-0.8979269796243452;-1.2263604780767423;Gr;;;290.88802732325206;0
880;160;28.0;neutre;3.8333333333333335;-0.7696883698598883;-0.08593791471793111;pB;;;300.0865977184478;1
881;160;29.0;neutre;3.8333333333333335;-0.8456907442265028;-0.33664451033041587;Gr;;;294.63493856448923;0
882;160;30.0;neutre;3.8333333333333335;;;Gr;;;;0
883;160;31.0;neutre;3.8333333333333335;1.4508699598500874;-1.3292505300125868;Gr;;;459.3675050052084;0
884;160;32.0;neutre;3.8333333333333335;-0.9684197737003112;0.3978276354436616;Gr;;;285.83157100441935;0
885;161;8.0;neutre;3.966666666666667;-0.7511377415264533;-0.6806221313945571;B;;;281.124047822505;1
886;161;9.0;neutre;3.966666666666667;0.19083091444740113;1.3313360466872268;V;;;356.9076384165626;1
887;161;10.0;neutre;3.966666666666667;-1.07504086148227;1.0251356576592627;V;;;255.06528113297853;1
888;161;11.0;neutre;3.966666666666667;-0.6989333416430622;0.06501201146119229;V;;;285.3240143955766;1
889;161;12.0;neutre;3.966666666666667;;;V;;;;1
890;161;13.0;neutre;3.966666666666667;-0.9109396302585642;-2.7153116464958202;V;;;268.2676105779864;1
891;161;14.0;neutre;3.966666666666667;-0.1447203244705095;0.04443128853182543;V;;;329.9117532008346;1
892;163;7.0;neutre;3.5666666666666664;1.0491512727029764;-0.032797934935217654;pB;;;271.44720141644507;1
893;163;8.0;neutre;3.5666666666666664;3.8851813263676176;0.07219249594493249;pB;;;304.04183519454807;1
894;163;9.0;neutre;3.5666666666666664;16.688249114596644;-1.4047809219703709;Gr;;;451.1881269816587;0
895;163;10.0;neutre;3.5666666666666664;6.323159082275001;0.4510763718525368;pB;;;332.0616342126438;1
896;163;11.0;neutre;3.5666666666666664;1.289558326468532;0.40352519282066623;V;;;274.2102115844916;1
897;163;12.0;neutre;3.5666666666666664;0.0727483776507141;-0.2094669728533063;V;;;260.22535461585;1
898;163;13.0;neutre;3.5666666666666664;0.3744453007591122;0.0245398071923546;V;;;263.69277228583974;1
899;163;14.0;neutre;3.5666666666666664;5.97375225442674;-0.12275986575076558;V;;;328.045884246043;1
900;141;11.0;neutre;3.9333333333333336;0.22491510730099165;0.057464128214860466;V;;;332.528726311787;1
901;141;12.0;neutre;3.9333333333333336;1.169861562351695;-0.18351112337586528;V;;;411.02481836715504;1
902;141;13.0;neutre;3.9333333333333336;-0.1213874646051656;1.3694459989112602;V;;;303.76159520286313;1
903;141;14.0;neutre;3.9333333333333336;1.3979757563935047;-2.086393348232889;V;;;429.9741172178303;1
904;141;15.0;neutre;3.9333333333333336;2.3183699345949598;-0.7470836630126314;V;;;506.43066748389765;1
905;141;16.0;neutre;3.9333333333333336;2.5586179800034663;-0.6393754717452111;V;;;526.387917535168;1
906;141;17.0;neutre;3.9333333333333336;;;V;;;;1
907;141;18.0;neutre;3.9333333333333336;-0.02788767792227066;0.02112606215280266;V;;;311.5285621282261;1
908;142;7.0;neutre;3.533333333333333;0.4826192506650277;-1.9192159179833084;V;;;329.6189364433118;1
909;142;8.0;neutre;3.533333333333333;-0.788485223409921;-0.5502983250588045;V;;;261.2531196046657;1
910;142;9.0;neutre;3.533333333333333;0.07071849543029667;-0.3354517850163461;V;;;307.4650284346321;1
911;142;10.0;neutre;3.533333333333333;-0.24441473822906118;0.40609657448084135;V;;;290.5157206699773;1
912;142;11.0;neutre;3.533333333333333;0.2822166054679566;0.7647406650456787;V;;;318.8403648821552;1
913;143;12.0;neutre;3.9;3.2530483336270013;-0.7810248729679188;V;;;405.9419651972237;1
914;143;13.0;neutre;3.9;10.176319097007104;-3.9632145617205197;V;;;705.4783933298564;1
915;143;14.0;neutre;3.9;1.893999518295235;1.1610976034025953;V;;;347.1424986278106;1
916;143;15.0;neutre;3.9;-0.5233982336110317;-0.29143714887408123;V;;;242.5533943258524;1
917;144;8.0;neutre;3.9;1.1073239097979088;0.40293391817300517;V;;;296.78346366657195;1
918;144;9.0;neutre;3.9;-0.3061020980215148;0.5930334345592598;V;;;251.77428124771782;1
919;144;10.0;neutre;3.9;-0.8507386741866066;-0.20717889445435844;V;;;234.43085692060117;1
920;144;11.0;neutre;3.9;-0.327453064245642;-0.2613324974586533;V;;;251.0943804051664;1
921;144;12.0;neutre;3.9;-0.14834585428334068;-0.06557839258192644;V;;;256.79787605412656;1
922;144;13.0;neutre;3.9;2.14242708724013;0.17116543123665906;V;;;329.7453219301738;1
923;144;14.0;neutre;3.9;0.5078127386753486;0.01636866308678009;V;;;277.6926110050837;1
924;144;15.0;neutre;3.9;4.0622391126435256;-3.0455499497732035;V;;;390.8798766810092;1
925;144;16.0;neutre;3.9;0.9840754504402002;-0.055973435771420554;V;;;292.858735835483;1
926;144;17.0;neutre;3.9;-0.5759249705259524;0.4655926031008164;V;;;243.1820331766161;1
927;144;18.0;neutre;3.9;7.311936159656353;-3.088511018963402;V;;;494.3633320482028;1
928;144;19.0;neutre;3.9;1.3455385183354016;-0.29647377002805797;V;;;304.3691771819481;1
929;144;20.0;neutre;3.9;-0.6237229288723705;-0.014653121759636178;V;;;241.65995348191618;1
930;144;21.0;neutre;3.9;-0.5437028484929277;-0.6316746012756198;V;;;244.20811544797917;1
931;144;22.0;neutre;3.9;0.28219598613731517;0.1491233651620405;V;;;270.50806401390423;1
932;144;23.0;neutre;3.9;;;V;;;;1
